layout,start_config,alpha_i,alpha_j,seed,sweep_type,complexity,both_success,single_success,failure,goal_reached_i,goal_reached_j,lava_collision,lava_hit_i,lava_hit_j,cell_collision,edge_collision,num_collisions,paralysis,paralysis_type,cycle_length,stay_streak,timesteps,steps_i,steps_j,arrival_order,arrival_gap,G_i,G_j,trajectory_i,trajectory_j
narrow,A,0.0,0.0,42,symmetric,5,False,False,True,False,False,False,False,False,False,False,0,True,cycle,1.0,0,15,15,15,neither,0,34.0,34.0,"[(0, 1), (1, 1), (2, 1), (2, 1), (2, 1), (2, 1), (2, 1), (2, 1), (2, 1), (2, 1), (2, 1), (2, 1), (2, 1), (2, 1), (2, 1)]","[(5, 1), (4, 1), (3, 1), (3, 1), (3, 1), (3, 1), (3, 1), (3, 1), (3, 1), (3, 1), (3, 1), (3, 1), (3, 1), (3, 1), (3, 1)]"
narrow,A,0.5,0.5,42,symmetric,5,False,False,True,False,False,False,False,False,False,False,0,True,cycle,1.0,0,15,15,15,neither,0,66.0,66.0,"[(0, 1), (1, 1), (2, 1), (2, 1), (2, 1), (2, 1), (2, 1), (2, 1), (2, 1), (2, 1), (2, 1), (2, 1), (2, 1), (2, 1), (2, 1)]","[(5, 1), (4, 1), (3, 1), (3, 1), (3, 1), (3, 1), (3, 1), (3, 1), (3, 1), (3, 1), (3, 1), (3, 1), (3, 1), (3, 1), (3, 1)]"
narrow,A,1.0,1.0,42,symmetric,5,False,False,True,False,False,False,False,False,False,False,0,True,cycle,1.0,0,15,15,15,neither,0,66.0,66.0,"[(0, 1), (1, 1), (2, 1), (2, 1), (2, 1), (2, 1), (2, 1), (2, 1), (2, 1), (2, 1), (2, 1), (2, 1), (2, 1), (2, 1), (2, 1)]","[(5, 1), (4, 1), (3, 1), (3, 1), (3, 1), (3, 1), (3, 1), (3, 1), (3, 1), (3, 1), (3, 1), (3, 1), (3, 1), (3, 1), (3, 1)]"
narrow,A,0.0,0.5,42,asymmetric,5,False,False,True,False,False,False,False,False,False,False,0,True,cycle,1.0,0,15,15,15,neither,0,34.0,66.0,"[(0, 1), (1, 1), (2, 1), (2, 1), (2, 1), (2, 1), (2, 1), (2, 1), (2, 1), (2, 1), (2, 1), (2, 1), (2, 1), (2, 1), (2, 1)]","[(5, 1), (4, 1), (3, 1), (3, 1), (3, 1), (3, 1), (3, 1), (3, 1), (3, 1), (3, 1), (3, 1), (3, 1), (3, 1), (3, 1), (3, 1)]"
narrow,A,0.0,1.0,42,asymmetric,5,False,False,True,False,False,False,False,False,False,False,0,True,cycle,1.0,0,15,15,15,neither,0,34.0,66.0,"[(0, 1), (1, 1), (2, 1), (2, 1), (2, 1), (2, 1), (2, 1), (2, 1), (2, 1), (2, 1), (2, 1), (2, 1), (2, 1), (2, 1), (2, 1)]","[(5, 1), (4, 1), (3, 1), (3, 1), (3, 1), (3, 1), (3, 1), (3, 1), (3, 1), (3, 1), (3, 1), (3, 1), (3, 1), (3, 1), (3, 1)]"
narrow,A,0.5,0.0,42,asymmetric,5,False,False,True,False,False,False,False,False,False,False,0,True,cycle,1.0,0,15,15,15,neither,0,66.0,34.0,"[(0, 1), (1, 1), (2, 1), (2, 1), (2, 1), (2, 1), (2, 1), (2, 1), (2, 1), (2, 1), (2, 1), (2, 1), (2, 1), (2, 1), (2, 1)]","[(5, 1), (4, 1), (3, 1), (3, 1), (3, 1), (3, 1), (3, 1), (3, 1), (3, 1), (3, 1), (3, 1), (3, 1), (3, 1), (3, 1), (3, 1)]"
narrow,A,0.5,1.0,42,asymmetric,5,False,False,True,False,False,False,False,False,False,False,0,True,cycle,1.0,0,15,15,15,neither,0,66.0,66.0,"[(0, 1), (1, 1), (2, 1), (2, 1), (2, 1), (2, 1), (2, 1), (2, 1), (2, 1), (2, 1), (2, 1), (2, 1), (2, 1), (2, 1), (2, 1)]","[(5, 1), (4, 1), (3, 1), (3, 1), (3, 1), (3, 1), (3, 1), (3, 1), (3, 1), (3, 1), (3, 1), (3, 1), (3, 1), (3, 1), (3, 1)]"
narrow,A,1.0,0.0,42,asymmetric,5,False,False,True,False,False,False,False,False,False,False,0,True,cycle,1.0,0,15,15,15,neither,0,66.0,34.0,"[(0, 1), (1, 1), (2, 1), (2, 1), (2, 1), (2, 1), (2, 1), (2, 1), (2, 1), (2, 1), (2, 1), (2, 1), (2, 1), (2, 1), (2, 1)]","[(5, 1), (4, 1), (3, 1), (3, 1), (3, 1), (3, 1), (3, 1), (3, 1), (3, 1), (3, 1), (3, 1), (3, 1), (3, 1), (3, 1), (3, 1)]"
narrow,A,1.0,0.5,42,asymmetric,5,False,False,True,False,False,False,False,False,False,False,0,True,cycle,1.0,0,15,15,15,neither,0,66.0,66.0,"[(0, 1), (1, 1), (2, 1), (2, 1), (2, 1), (2, 1), (2, 1), (2, 1), (2, 1), (2, 1), (2, 1), (2, 1), (2, 1), (2, 1), (2, 1)]","[(5, 1), (4, 1), (3, 1), (3, 1), (3, 1), (3, 1), (3, 1), (3, 1), (3, 1), (3, 1), (3, 1), (3, 1), (3, 1), (3, 1), (3, 1)]"
narrow,B,0.0,0.0,42,symmetric,5,False,False,True,False,False,False,False,False,False,False,0,True,cycle,1.0,0,15,15,15,neither,0,34.0,34.0,"[(5, 1), (4, 1), (3, 1), (3, 1), (3, 1), (3, 1), (3, 1), (3, 1), (3, 1), (3, 1), (3, 1), (3, 1), (3, 1), (3, 1), (3, 1)]","[(0, 1), (1, 1), (2, 1), (2, 1), (2, 1), (2, 1), (2, 1), (2, 1), (2, 1), (2, 1), (2, 1), (2, 1), (2, 1), (2, 1), (2, 1)]"
narrow,B,0.5,0.5,42,symmetric,5,False,False,True,False,False,False,False,False,False,False,0,True,cycle,1.0,0,15,15,15,neither,0,66.0,66.0,"[(5, 1), (4, 1), (3, 1), (3, 1), (3, 1), (3, 1), (3, 1), (3, 1), (3, 1), (3, 1), (3, 1), (3, 1), (3, 1), (3, 1), (3, 1)]","[(0, 1), (1, 1), (2, 1), (2, 1), (2, 1), (2, 1), (2, 1), (2, 1), (2, 1), (2, 1), (2, 1), (2, 1), (2, 1), (2, 1), (2, 1)]"
narrow,B,1.0,1.0,42,symmetric,5,False,False,True,False,False,False,False,False,False,False,0,True,cycle,1.0,0,15,15,15,neither,0,66.0,66.0,"[(5, 1), (4, 1), (3, 1), (3, 1), (3, 1), (3, 1), (3, 1), (3, 1), (3, 1), (3, 1), (3, 1), (3, 1), (3, 1), (3, 1), (3, 1)]","[(0, 1), (1, 1), (2, 1), (2, 1), (2, 1), (2, 1), (2, 1), (2, 1), (2, 1), (2, 1), (2, 1), (2, 1), (2, 1), (2, 1), (2, 1)]"
narrow,B,0.0,0.5,42,asymmetric,5,False,False,True,False,False,False,False,False,False,False,0,True,cycle,1.0,0,15,15,15,neither,0,34.0,66.0,"[(5, 1), (4, 1), (3, 1), (3, 1), (3, 1), (3, 1), (3, 1), (3, 1), (3, 1), (3, 1), (3, 1), (3, 1), (3, 1), (3, 1), (3, 1)]","[(0, 1), (1, 1), (2, 1), (2, 1), (2, 1), (2, 1), (2, 1), (2, 1), (2, 1), (2, 1), (2, 1), (2, 1), (2, 1), (2, 1), (2, 1)]"
narrow,B,0.0,1.0,42,asymmetric,5,False,False,True,False,False,False,False,False,False,False,0,True,cycle,1.0,0,15,15,15,neither,0,34.0,66.0,"[(5, 1), (4, 1), (3, 1), (3, 1), (3, 1), (3, 1), (3, 1), (3, 1), (3, 1), (3, 1), (3, 1), (3, 1), (3, 1), (3, 1), (3, 1)]","[(0, 1), (1, 1), (2, 1), (2, 1), (2, 1), (2, 1), (2, 1), (2, 1), (2, 1), (2, 1), (2, 1), (2, 1), (2, 1), (2, 1), (2, 1)]"
narrow,B,0.5,0.0,42,asymmetric,5,False,False,True,False,False,False,False,False,False,False,0,True,cycle,1.0,0,15,15,15,neither,0,66.0,34.0,"[(5, 1), (4, 1), (3, 1), (3, 1), (3, 1), (3, 1), (3, 1), (3, 1), (3, 1), (3, 1), (3, 1), (3, 1), (3, 1), (3, 1), (3, 1)]","[(0, 1), (1, 1), (2, 1), (2, 1), (2, 1), (2, 1), (2, 1), (2, 1), (2, 1), (2, 1), (2, 1), (2, 1), (2, 1), (2, 1), (2, 1)]"
narrow,B,0.5,1.0,42,asymmetric,5,False,False,True,False,False,False,False,False,False,False,0,True,cycle,1.0,0,15,15,15,neither,0,66.0,66.0,"[(5, 1), (4, 1), (3, 1), (3, 1), (3, 1), (3, 1), (3, 1), (3, 1), (3, 1), (3, 1), (3, 1), (3, 1), (3, 1), (3, 1), (3, 1)]","[(0, 1), (1, 1), (2, 1), (2, 1), (2, 1), (2, 1), (2, 1), (2, 1), (2, 1), (2, 1), (2, 1), (2, 1), (2, 1), (2, 1), (2, 1)]"
narrow,B,1.0,0.0,42,asymmetric,5,False,False,True,False,False,False,False,False,False,False,0,True,cycle,1.0,0,15,15,15,neither,0,66.0,34.0,"[(5, 1), (4, 1), (3, 1), (3, 1), (3, 1), (3, 1), (3, 1), (3, 1), (3, 1), (3, 1), (3, 1), (3, 1), (3, 1), (3, 1), (3, 1)]","[(0, 1), (1, 1), (2, 1), (2, 1), (2, 1), (2, 1), (2, 1), (2, 1), (2, 1), (2, 1), (2, 1), (2, 1), (2, 1), (2, 1), (2, 1)]"
narrow,B,1.0,0.5,42,asymmetric,5,False,False,True,False,False,False,False,False,False,False,0,True,cycle,1.0,0,15,15,15,neither,0,66.0,66.0,"[(5, 1), (4, 1), (3, 1), (3, 1), (3, 1), (3, 1), (3, 1), (3, 1), (3, 1), (3, 1), (3, 1), (3, 1), (3, 1), (3, 1), (3, 1)]","[(0, 1), (1, 1), (2, 1), (2, 1), (2, 1), (2, 1), (2, 1), (2, 1), (2, 1), (2, 1), (2, 1), (2, 1), (2, 1), (2, 1), (2, 1)]"
wide,A,0.0,0.0,42,symmetric,1,True,False,False,True,True,False,False,False,False,False,0,False,,,0,5,5,5,tie,0,500.0,396.83335876464844,"[(0, 1), (1, 1), (2, 1), (3, 1), (4, 1)]","[(0, 2), (1, 2), (2, 2), (3, 2), (4, 2)]"
wide,A,0.5,0.5,42,symmetric,1,True,False,False,True,True,False,False,False,False,False,0,False,,,0,5,5,5,tie,0,426.48333740234375,323.3166961669922,"[(0, 1), (1, 1), (2, 1), (3, 1), (4, 1)]","[(0, 2), (1, 2), (2, 2), (3, 2), (4, 2)]"
wide,A,1.0,1.0,42,symmetric,1,True,False,False,True,True,False,False,False,False,False,0,False,,,0,5,5,5,tie,0,352.96665954589844,249.80002212524414,"[(0, 1), (1, 1), (2, 1), (3, 1), (4, 1)]","[(0, 2), (1, 2), (2, 2), (3, 2), (4, 2)]"
wide,A,0.0,0.5,42,asymmetric,1,True,False,False,True,True,False,False,False,False,False,0,False,,,0,5,5,5,tie,0,500.0,323.3166961669922,"[(0, 1), (1, 1), (2, 1), (3, 1), (4, 1)]","[(0, 2), (1, 2), (2, 2), (3, 2), (4, 2)]"
wide,A,0.0,1.0,42,asymmetric,1,True,False,False,True,True,False,False,False,False,False,0,False,,,0,5,5,5,tie,0,500.0,249.80002212524414,"[(0, 1), (1, 1), (2, 1), (3, 1), (4, 1)]","[(0, 2), (1, 2), (2, 2), (3, 2), (4, 2)]"
wide,A,0.5,0.0,42,asymmetric,1,True,False,False,True,True,False,False,False,False,False,0,False,,,0,5,5,5,tie,0,426.48333740234375,396.83335876464844,"[(0, 1), (1, 1), (2, 1), (3, 1), (4, 1)]","[(0, 2), (1, 2), (2, 2), (3, 2), (4, 2)]"
wide,A,0.5,1.0,42,asymmetric,1,True,False,False,True,True,False,False,False,False,False,0,False,,,0,5,5,5,tie,0,426.48333740234375,249.80002212524414,"[(0, 1), (1, 1), (2, 1), (3, 1), (4, 1)]","[(0, 2), (1, 2), (2, 2), (3, 2), (4, 2)]"
wide,A,1.0,0.0,42,asymmetric,1,True,False,False,True,True,False,False,False,False,False,0,False,,,0,5,5,5,tie,0,352.96665954589844,396.83335876464844,"[(0, 1), (1, 1), (2, 1), (3, 1), (4, 1)]","[(0, 2), (1, 2), (2, 2), (3, 2), (4, 2)]"
wide,A,1.0,0.5,42,asymmetric,1,True,False,False,True,True,False,False,False,False,False,0,False,,,0,5,5,5,tie,0,352.96665954589844,323.3166961669922,"[(0, 1), (1, 1), (2, 1), (3, 1), (4, 1)]","[(0, 2), (1, 2), (2, 2), (3, 2), (4, 2)]"
wide,B,0.0,0.0,42,symmetric,1,True,False,False,True,True,False,False,False,False,False,0,False,,,0,5,5,5,tie,0,396.83335876464844,500.0,"[(0, 2), (1, 2), (2, 2), (3, 2), (4, 2)]","[(0, 1), (1, 1), (2, 1), (3, 1), (4, 1)]"
wide,B,0.5,0.5,42,symmetric,1,True,False,False,True,True,False,False,False,False,False,0,False,,,0,5,5,5,tie,0,323.3166961669922,426.48333740234375,"[(0, 2), (1, 2), (2, 2), (3, 2), (4, 2)]","[(0, 1), (1, 1), (2, 1), (3, 1), (4, 1)]"
wide,B,1.0,1.0,42,symmetric,1,True,False,False,True,True,False,False,False,False,False,0,False,,,0,5,5,5,tie,0,249.80002212524414,352.96665954589844,"[(0, 2), (1, 2), (2, 2), (3, 2), (4, 2)]","[(0, 1), (1, 1), (2, 1), (3, 1), (4, 1)]"
wide,B,0.0,0.5,42,asymmetric,1,True,False,False,True,True,False,False,False,False,False,0,False,,,0,5,5,5,tie,0,396.83335876464844,426.48333740234375,"[(0, 2), (1, 2), (2, 2), (3, 2), (4, 2)]","[(0, 1), (1, 1), (2, 1), (3, 1), (4, 1)]"
wide,B,0.0,1.0,42,asymmetric,1,True,False,False,True,True,False,False,False,False,False,0,False,,,0,5,5,5,tie,0,396.83335876464844,352.96665954589844,"[(0, 2), (1, 2), (2, 2), (3, 2), (4, 2)]","[(0, 1), (1, 1), (2, 1), (3, 1), (4, 1)]"
wide,B,0.5,0.0,42,asymmetric,1,True,False,False,True,True,False,False,False,False,False,0,False,,,0,5,5,5,tie,0,323.3166961669922,500.0,"[(0, 2), (1, 2), (2, 2), (3, 2), (4, 2)]","[(0, 1), (1, 1), (2, 1), (3, 1), (4, 1)]"
wide,B,0.5,1.0,42,asymmetric,1,True,False,False,True,True,False,False,False,False,False,0,False,,,0,5,5,5,tie,0,323.3166961669922,352.96665954589844,"[(0, 2), (1, 2), (2, 2), (3, 2), (4, 2)]","[(0, 1), (1, 1), (2, 1), (3, 1), (4, 1)]"
wide,B,1.0,0.0,42,asymmetric,1,True,False,False,True,True,False,False,False,False,False,0,False,,,0,5,5,5,tie,0,249.80002212524414,500.0,"[(0, 2), (1, 2), (2, 2), (3, 2), (4, 2)]","[(0, 1), (1, 1), (2, 1), (3, 1), (4, 1)]"
wide,B,1.0,0.5,42,asymmetric,1,True,False,False,True,True,False,False,False,False,False,0,False,,,0,5,5,5,tie,0,249.80002212524414,426.48333740234375,"[(0, 2), (1, 2), (2, 2), (3, 2), (4, 2)]","[(0, 1), (1, 1), (2, 1), (3, 1), (4, 1)]"
bottleneck,A,0.0,0.0,42,symmetric,3,True,False,False,True,True,False,False,False,False,False,0,False,,,0,10,7,10,i_first,3,700.0,840.2000274658203,"[(0, 1), (1, 1), (2, 1), (3, 1), (4, 1), (5, 1), (6, 1), (7, 1), (7, 1), (7, 1)]","[(0, 2), (1, 2), (1, 2), (1, 1), (2, 1), (3, 1), (4, 1), (5, 1), (5, 2), (6, 2)]"
bottleneck,A,0.5,0.5,42,symmetric,3,True,False,False,True,True,False,False,False,False,False,0,False,,,0,10,7,10,i_first,3,733.3500213623047,655.7833709716797,"[(0, 1), (1, 1), (2, 1), (3, 1), (4, 1), (5, 1), (6, 1), (7, 1), (7, 1), (7, 1)]","[(0, 2), (1, 2), (1, 2), (1, 1), (2, 1), (3, 1), (4, 1), (5, 1), (5, 2), (6, 2)]"
bottleneck,A,1.0,1.0,42,symmetric,3,True,False,False,True,True,False,False,False,False,False,0,False,,,0,10,7,10,i_first,3,766.6999893188477,471.36668395996094,"[(0, 1), (1, 1), (2, 1), (3, 1), (4, 1), (5, 1), (6, 1), (7, 1), (7, 1), (7, 1)]","[(0, 2), (1, 2), (1, 2), (1, 1), (2, 1), (3, 1), (4, 1), (5, 1), (5, 2), (6, 2)]"
bottleneck,A,0.0,0.5,42,asymmetric,3,True,False,False,True,True,False,False,False,False,False,0,False,,,0,10,7,10,i_first,3,700.0,655.7833709716797,"[(0, 1), (1, 1), (2, 1), (3, 1), (4, 1), (5, 1), (6, 1), (7, 1), (7, 1), (7, 1)]","[(0, 2), (1, 2), (1, 2), (1, 1), (2, 1), (3, 1), (4, 1), (5, 1), (5, 2), (6, 2)]"
bottleneck,A,0.0,1.0,42,asymmetric,3,True,False,False,True,True,False,False,False,False,False,0,False,,,0,10,7,10,i_first,3,700.0,471.36668395996094,"[(0, 1), (1, 1), (2, 1), (3, 1), (4, 1), (5, 1), (6, 1), (7, 1), (7, 1), (7, 1)]","[(0, 2), (1, 2), (1, 2), (1, 1), (2, 1), (3, 1), (4, 1), (5, 1), (5, 2), (6, 2)]"
bottleneck,A,0.5,0.0,42,asymmetric,3,True,False,False,True,True,False,False,False,False,False,0,False,,,0,10,7,10,i_first,3,733.3500213623047,840.2000274658203,"[(0, 1), (1, 1), (2, 1), (3, 1), (4, 1), (5, 1), (6, 1), (7, 1), (7, 1), (7, 1)]","[(0, 2), (1, 2), (1, 2), (1, 1), (2, 1), (3, 1), (4, 1), (5, 1), (5, 2), (6, 2)]"
bottleneck,A,0.5,1.0,42,asymmetric,3,True,False,False,True,True,False,False,False,False,False,0,False,,,0,10,7,10,i_first,3,733.3500213623047,471.36668395996094,"[(0, 1), (1, 1), (2, 1), (3, 1), (4, 1), (5, 1), (6, 1), (7, 1), (7, 1), (7, 1)]","[(0, 2), (1, 2), (1, 2), (1, 1), (2, 1), (3, 1), (4, 1), (5, 1), (5, 2), (6, 2)]"
bottleneck,A,1.0,0.0,42,asymmetric,3,True,False,False,True,True,False,False,False,False,False,0,False,,,0,10,7,10,i_first,3,766.6999893188477,840.2000274658203,"[(0, 1), (1, 1), (2, 1), (3, 1), (4, 1), (5, 1), (6, 1), (7, 1), (7, 1), (7, 1)]","[(0, 2), (1, 2), (1, 2), (1, 1), (2, 1), (3, 1), (4, 1), (5, 1), (5, 2), (6, 2)]"
bottleneck,A,1.0,0.5,42,asymmetric,3,True,False,False,True,True,False,False,False,False,False,0,False,,,0,10,7,10,i_first,3,766.6999893188477,655.7833709716797,"[(0, 1), (1, 1), (2, 1), (3, 1), (4, 1), (5, 1), (6, 1), (7, 1), (7, 1), (7, 1)]","[(0, 2), (1, 2), (1, 2), (1, 1), (2, 1), (3, 1), (4, 1), (5, 1), (5, 2), (6, 2)]"
bottleneck,B,0.0,0.0,42,symmetric,3,True,False,False,True,True,False,False,False,False,False,0,False,,,0,10,10,7,j_first,-3,840.2000274658203,700.0,"[(0, 2), (1, 2), (1, 2), (1, 1), (2, 1), (3, 1), (4, 1), (5, 1), (5, 2), (6, 2)]","[(0, 1), (1, 1), (2, 1), (3, 1), (4, 1), (5, 1), (6, 1), (7, 1), (7, 1), (7, 1)]"
bottleneck,B,0.5,0.5,42,symmetric,3,True,False,False,True,True,False,False,False,False,False,0,False,,,0,10,10,7,j_first,-3,655.7833709716797,733.3500213623047,"[(0, 2), (1, 2), (1, 2), (1, 1), (2, 1), (3, 1), (4, 1), (5, 1), (5, 2), (6, 2)]","[(0, 1), (1, 1), (2, 1), (3, 1), (4, 1), (5, 1), (6, 1), (7, 1), (7, 1), (7, 1)]"
bottleneck,B,1.0,1.0,42,symmetric,3,True,False,False,True,True,False,False,False,False,False,0,False,,,0,10,10,7,j_first,-3,471.36668395996094,766.6999893188477,"[(0, 2), (1, 2), (1, 2), (1, 1), (2, 1), (3, 1), (4, 1), (5, 1), (5, 2), (6, 2)]","[(0, 1), (1, 1), (2, 1), (3, 1), (4, 1), (5, 1), (6, 1), (7, 1), (7, 1), (7, 1)]"
bottleneck,B,0.0,0.5,42,asymmetric,3,True,False,False,True,True,False,False,False,False,False,0,False,,,0,10,10,7,j_first,-3,840.2000274658203,733.3500213623047,"[(0, 2), (1, 2), (1, 2), (1, 1), (2, 1), (3, 1), (4, 1), (5, 1), (5, 2), (6, 2)]","[(0, 1), (1, 1), (2, 1), (3, 1), (4, 1), (5, 1), (6, 1), (7, 1), (7, 1), (7, 1)]"
bottleneck,B,0.0,1.0,42,asymmetric,3,True,False,False,True,True,False,False,False,False,False,0,False,,,0,10,10,7,j_first,-3,840.2000274658203,766.6999893188477,"[(0, 2), (1, 2), (1, 2), (1, 1), (2, 1), (3, 1), (4, 1), (5, 1), (5, 2), (6, 2)]","[(0, 1), (1, 1), (2, 1), (3, 1), (4, 1), (5, 1), (6, 1), (7, 1), (7, 1), (7, 1)]"
bottleneck,B,0.5,0.0,42,asymmetric,3,True,False,False,True,True,False,False,False,False,False,0,False,,,0,10,10,7,j_first,-3,655.7833709716797,700.0,"[(0, 2), (1, 2), (1, 2), (1, 1), (2, 1), (3, 1), (4, 1), (5, 1), (5, 2), (6, 2)]","[(0, 1), (1, 1), (2, 1), (3, 1), (4, 1), (5, 1), (6, 1), (7, 1), (7, 1), (7, 1)]"
bottleneck,B,0.5,1.0,42,asymmetric,3,True,False,False,True,True,False,False,False,False,False,0,False,,,0,10,10,7,j_first,-3,655.7833709716797,766.6999893188477,"[(0, 2), (1, 2), (1, 2), (1, 1), (2, 1), (3, 1), (4, 1), (5, 1), (5, 2), (6, 2)]","[(0, 1), (1, 1), (2, 1), (3, 1), (4, 1), (5, 1), (6, 1), (7, 1), (7, 1), (7, 1)]"
bottleneck,B,1.0,0.0,42,asymmetric,3,True,False,False,True,True,False,False,False,False,False,0,False,,,0,10,10,7,j_first,-3,471.36668395996094,700.0,"[(0, 2), (1, 2), (1, 2), (1, 1), (2, 1), (3, 1), (4, 1), (5, 1), (5, 2), (6, 2)]","[(0, 1), (1, 1), (2, 1), (3, 1), (4, 1), (5, 1), (6, 1), (7, 1), (7, 1), (7, 1)]"
bottleneck,B,1.0,0.5,42,asymmetric,3,True,False,False,True,True,False,False,False,False,False,0,False,,,0,10,10,7,j_first,-3,471.36668395996094,733.3500213623047,"[(0, 2), (1, 2), (1, 2), (1, 1), (2, 1), (3, 1), (4, 1), (5, 1), (5, 2), (6, 2)]","[(0, 1), (1, 1), (2, 1), (3, 1), (4, 1), (5, 1), (6, 1), (7, 1), (7, 1), (7, 1)]"
crossed_goals,A,0.0,0.0,42,symmetric,3,False,True,False,True,True,False,False,False,True,False,1,False,,,0,6,6,6,tie,0,577.3666687011719,453.5000228881836,"[(0, 1), (1, 1), (2, 1), (3, 1), (4, 1), (5, 1)]","[(0, 2), (1, 2), (2, 2), (3, 2), (4, 2), (5, 2)]"
crossed_goals,A,0.5,0.5,42,symmetric,3,False,True,False,True,True,False,False,False,True,False,1,False,,,0,6,6,6,tie,0,515.4000091552734,391.53336334228516,"[(0, 1), (1, 1), (2, 1), (3, 1), (4, 1), (5, 1)]","[(0, 2), (1, 2), (2, 2), (3, 2), (4, 2), (5, 2)]"
crossed_goals,A,1.0,1.0,42,symmetric,3,False,True,False,True,True,False,False,False,True,False,1,False,,,0,6,6,6,tie,0,458.4333267211914,334.5666847229004,"[(0, 1), (1, 1), (2, 1), (3, 1), (4, 1), (5, 1)]","[(0, 2), (1, 2), (2, 2), (3, 2), (4, 2), (5, 2)]"
crossed_goals,A,0.0,0.5,42,asymmetric,3,False,True,False,True,True,False,False,False,True,False,1,False,,,0,6,6,6,tie,0,577.3666687011719,389.03336334228516,"[(0, 1), (1, 1), (2, 1), (3, 1), (4, 1), (5, 1)]","[(0, 2), (1, 2), (2, 2), (3, 2), (4, 2), (5, 2)]"
crossed_goals,A,0.0,1.0,42,asymmetric,3,False,True,False,True,True,False,False,False,True,False,1,False,,,0,6,6,6,tie,0,577.3666687011719,324.5666847229004,"[(0, 1), (1, 1), (2, 1), (3, 1), (4, 1), (5, 1)]","[(0, 2), (1, 2), (2, 2), (3, 2), (4, 2), (5, 2)]"
crossed_goals,A,0.5,0.0,42,asymmetric,3,False,True,False,True,True,False,False,False,True,False,1,False,,,0,6,6,6,tie,0,512.9000091552734,453.5000228881836,"[(0, 1), (1, 1), (2, 1), (3, 1), (4, 1), (5, 1)]","[(0, 2), (1, 2), (2, 2), (3, 2), (4, 2), (5, 2)]"
crossed_goals,A,0.5,1.0,42,asymmetric,3,False,True,False,True,True,False,False,False,True,False,1,False,,,0,6,6,6,tie,0,517.9000091552734,329.5666847229004,"[(0, 1), (1, 1), (2, 1), (3, 1), (4, 1), (5, 1)]","[(0, 2), (1, 2), (2, 2), (3, 2), (4, 2), (5, 2)]"
crossed_goals,A,1.0,0.0,42,asymmetric,3,False,True,False,True,True,False,False,False,True,False,1,False,,,0,6,6,6,tie,0,448.4333267211914,453.5000228881836,"[(0, 1), (1, 1), (2, 1), (3, 1), (4, 1), (5, 1)]","[(0, 2), (1, 2), (2, 2), (3, 2), (4, 2), (5, 2)]"
crossed_goals,A,1.0,0.5,42,asymmetric,3,False,True,False,True,True,False,False,False,True,False,1,False,,,0,6,6,6,tie,0,453.4333267211914,394.03336334228516,"[(0, 1), (1, 1), (2, 1), (3, 1), (4, 1), (5, 1)]","[(0, 2), (1, 2), (2, 2), (3, 2), (4, 2), (5, 2)]"
crossed_goals,B,0.0,0.0,42,symmetric,3,False,True,False,True,True,False,False,False,True,False,1,False,,,0,6,6,6,tie,0,453.5000228881836,577.3666687011719,"[(0, 2), (1, 2), (2, 2), (3, 2), (4, 2), (5, 2)]","[(0, 1), (1, 1), (2, 1), (3, 1), (4, 1), (5, 1)]"
crossed_goals,B,0.5,0.5,42,symmetric,3,False,True,False,True,True,False,False,False,True,False,1,False,,,0,6,6,6,tie,0,391.53336334228516,515.4000091552734,"[(0, 2), (1, 2), (2, 2), (3, 2), (4, 2), (5, 2)]","[(0, 1), (1, 1), (2, 1), (3, 1), (4, 1), (5, 1)]"
crossed_goals,B,1.0,1.0,42,symmetric,3,False,True,False,True,True,False,False,False,True,False,1,False,,,0,6,6,6,tie,0,334.5666847229004,458.4333267211914,"[(0, 2), (1, 2), (2, 2), (3, 2), (4, 2), (5, 2)]","[(0, 1), (1, 1), (2, 1), (3, 1), (4, 1), (5, 1)]"
crossed_goals,B,0.0,0.5,42,asymmetric,3,False,True,False,True,True,False,False,False,True,False,1,False,,,0,6,6,6,tie,0,453.5000228881836,512.9000091552734,"[(0, 2), (1, 2), (2, 2), (3, 2), (4, 2), (5, 2)]","[(0, 1), (1, 1), (2, 1), (3, 1), (4, 1), (5, 1)]"
crossed_goals,B,0.0,1.0,42,asymmetric,3,False,True,False,True,True,False,False,False,True,False,1,False,,,0,6,6,6,tie,0,453.5000228881836,448.4333267211914,"[(0, 2), (1, 2), (2, 2), (3, 2), (4, 2), (5, 2)]","[(0, 1), (1, 1), (2, 1), (3, 1), (4, 1), (5, 1)]"
crossed_goals,B,0.5,0.0,42,asymmetric,3,False,True,False,True,True,False,False,False,True,False,1,False,,,0,6,6,6,tie,0,389.03336334228516,577.3666687011719,"[(0, 2), (1, 2), (2, 2), (3, 2), (4, 2), (5, 2)]","[(0, 1), (1, 1), (2, 1), (3, 1), (4, 1), (5, 1)]"
crossed_goals,B,0.5,1.0,42,asymmetric,3,False,True,False,True,True,False,False,False,True,False,1,False,,,0,6,6,6,tie,0,394.03336334228516,453.4333267211914,"[(0, 2), (1, 2), (2, 2), (3, 2), (4, 2), (5, 2)]","[(0, 1), (1, 1), (2, 1), (3, 1), (4, 1), (5, 1)]"
crossed_goals,B,1.0,0.0,42,asymmetric,3,False,True,False,True,True,False,False,False,True,False,1,False,,,0,6,6,6,tie,0,324.5666847229004,577.3666687011719,"[(0, 2), (1, 2), (2, 2), (3, 2), (4, 2), (5, 2)]","[(0, 1), (1, 1), (2, 1), (3, 1), (4, 1), (5, 1)]"
crossed_goals,B,1.0,0.5,42,asymmetric,3,False,True,False,True,True,False,False,False,True,False,1,False,,,0,6,6,6,tie,0,329.5666847229004,517.9000091552734,"[(0, 2), (1, 2), (2, 2), (3, 2), (4, 2), (5, 2)]","[(0, 1), (1, 1), (2, 1), (3, 1), (4, 1), (5, 1)]"
risk_reward,A,0.0,0.0,42,symmetric,3,False,False,True,False,False,False,False,False,False,False,0,True,cycle,1.0,0,15,15,15,neither,0,138.83334159851074,418.8333225250244,"[(7, 1), (6, 1), (5, 1), (4, 1), (3, 1), (3, 1), (3, 1), (3, 1), (3, 1), (3, 1), (3, 1), (3, 1), (3, 1), (3, 1), (3, 1)]","[(7, 2), (6, 2), (5, 2), (4, 2), (3, 2), (3, 2), (3, 2), (3, 2), (3, 2), (3, 2), (3, 2), (3, 2), (3, 2), (3, 2), (3, 2)]"
risk_reward,A,0.5,0.5,42,symmetric,3,False,False,True,False,False,False,False,False,False,False,0,True,cycle,1.0,0,15,15,15,neither,0,187.91667556762695,467.9166660308838,"[(7, 1), (6, 1), (5, 1), (4, 1), (3, 1), (3, 1), (3, 1), (3, 1), (3, 1), (3, 1), (3, 1), (3, 1), (3, 1), (3, 1), (3, 1)]","[(7, 2), (6, 2), (5, 2), (4, 2), (3, 2), (3, 2), (3, 2), (3, 2), (3, 2), (3, 2), (3, 2), (3, 2), (3, 2), (3, 2), (3, 2)]"
risk_reward,A,1.0,1.0,42,symmetric,3,False,False,True,False,False,False,False,False,False,False,0,True,cycle,1.0,0,15,15,15,neither,0,237.00001335144043,516.9999980926514,"[(7, 1), (6, 1), (5, 1), (4, 1), (3, 1), (3, 1), (3, 1), (3, 1), (3, 1), (3, 1), (3, 1), (3, 1), (3, 1), (3, 1), (3, 1)]","[(7, 2), (6, 2), (5, 2), (4, 2), (3, 2), (3, 2), (3, 2), (3, 2), (3, 2), (3, 2), (3, 2), (3, 2), (3, 2), (3, 2), (3, 2)]"
risk_reward,A,0.0,0.5,42,asymmetric,3,False,False,True,False,False,False,False,False,False,False,0,True,cycle,1.0,0,15,15,15,neither,0,138.83334159851074,467.9166660308838,"[(7, 1), (6, 1), (5, 1), (4, 1), (3, 1), (3, 1), (3, 1), (3, 1), (3, 1), (3, 1), (3, 1), (3, 1), (3, 1), (3, 1), (3, 1)]","[(7, 2), (6, 2), (5, 2), (4, 2), (3, 2), (3, 2), (3, 2), (3, 2), (3, 2), (3, 2), (3, 2), (3, 2), (3, 2), (3, 2), (3, 2)]"
risk_reward,A,0.0,1.0,42,asymmetric,3,False,False,True,False,False,False,False,False,False,False,0,True,cycle,1.0,0,15,15,15,neither,0,138.83334159851074,516.9999980926514,"[(7, 1), (6, 1), (5, 1), (4, 1), (3, 1), (3, 1), (3, 1), (3, 1), (3, 1), (3, 1), (3, 1), (3, 1), (3, 1), (3, 1), (3, 1)]","[(7, 2), (6, 2), (5, 2), (4, 2), (3, 2), (3, 2), (3, 2), (3, 2), (3, 2), (3, 2), (3, 2), (3, 2), (3, 2), (3, 2), (3, 2)]"
risk_reward,A,0.5,0.0,42,asymmetric,3,False,False,True,False,False,False,False,False,False,False,0,True,cycle,1.0,0,15,15,15,neither,0,187.91667556762695,418.8333225250244,"[(7, 1), (6, 1), (5, 1), (4, 1), (3, 1), (3, 1), (3, 1), (3, 1), (3, 1), (3, 1), (3, 1), (3, 1), (3, 1), (3, 1), (3, 1)]","[(7, 2), (6, 2), (5, 2), (4, 2), (3, 2), (3, 2), (3, 2), (3, 2), (3, 2), (3, 2), (3, 2), (3, 2), (3, 2), (3, 2), (3, 2)]"
risk_reward,A,0.5,1.0,42,asymmetric,3,False,False,True,False,False,False,False,False,False,False,0,True,cycle,1.0,0,15,15,15,neither,0,187.91667556762695,516.9999980926514,"[(7, 1), (6, 1), (5, 1), (4, 1), (3, 1), (3, 1), (3, 1), (3, 1), (3, 1), (3, 1), (3, 1), (3, 1), (3, 1), (3, 1), (3, 1)]","[(7, 2), (6, 2), (5, 2), (4, 2), (3, 2), (3, 2), (3, 2), (3, 2), (3, 2), (3, 2), (3, 2), (3, 2), (3, 2), (3, 2), (3, 2)]"
risk_reward,A,1.0,0.0,42,asymmetric,3,False,False,True,False,False,False,False,False,False,False,0,True,cycle,1.0,0,15,15,15,neither,0,237.00001335144043,418.8333225250244,"[(7, 1), (6, 1), (5, 1), (4, 1), (3, 1), (3, 1), (3, 1), (3, 1), (3, 1), (3, 1), (3, 1), (3, 1), (3, 1), (3, 1), (3, 1)]","[(7, 2), (6, 2), (5, 2), (4, 2), (3, 2), (3, 2), (3, 2), (3, 2), (3, 2), (3, 2), (3, 2), (3, 2), (3, 2), (3, 2), (3, 2)]"
risk_reward,A,1.0,0.5,42,asymmetric,3,False,False,True,False,False,False,False,False,False,False,0,True,cycle,1.0,0,15,15,15,neither,0,237.00001335144043,467.9166660308838,"[(7, 1), (6, 1), (5, 1), (4, 1), (3, 1), (3, 1), (3, 1), (3, 1), (3, 1), (3, 1), (3, 1), (3, 1), (3, 1), (3, 1), (3, 1)]","[(7, 2), (6, 2), (5, 2), (4, 2), (3, 2), (3, 2), (3, 2), (3, 2), (3, 2), (3, 2), (3, 2), (3, 2), (3, 2), (3, 2), (3, 2)]"
risk_reward,B,0.0,0.0,42,symmetric,3,False,False,True,False,False,False,False,False,False,False,0,True,cycle,1.0,0,15,15,15,neither,0,418.8333225250244,138.83334159851074,"[(7, 2), (6, 2), (5, 2), (4, 2), (3, 2), (3, 2), (3, 2), (3, 2), (3, 2), (3, 2), (3, 2), (3, 2), (3, 2), (3, 2), (3, 2)]","[(7, 1), (6, 1), (5, 1), (4, 1), (3, 1), (3, 1), (3, 1), (3, 1), (3, 1), (3, 1), (3, 1), (3, 1), (3, 1), (3, 1), (3, 1)]"
risk_reward,B,0.5,0.5,42,symmetric,3,False,False,True,False,False,False,False,False,False,False,0,True,cycle,1.0,0,15,15,15,neither,0,467.9166660308838,187.91667556762695,"[(7, 2), (6, 2), (5, 2), (4, 2), (3, 2), (3, 2), (3, 2), (3, 2), (3, 2), (3, 2), (3, 2), (3, 2), (3, 2), (3, 2), (3, 2)]","[(7, 1), (6, 1), (5, 1), (4, 1), (3, 1), (3, 1), (3, 1), (3, 1), (3, 1), (3, 1), (3, 1), (3, 1), (3, 1), (3, 1), (3, 1)]"
risk_reward,B,1.0,1.0,42,symmetric,3,False,False,True,False,False,False,False,False,False,False,0,True,cycle,1.0,0,15,15,15,neither,0,516.9999980926514,237.00001335144043,"[(7, 2), (6, 2), (5, 2), (4, 2), (3, 2), (3, 2), (3, 2), (3, 2), (3, 2), (3, 2), (3, 2), (3, 2), (3, 2), (3, 2), (3, 2)]","[(7, 1), (6, 1), (5, 1), (4, 1), (3, 1), (3, 1), (3, 1), (3, 1), (3, 1), (3, 1), (3, 1), (3, 1), (3, 1), (3, 1), (3, 1)]"
risk_reward,B,0.0,0.5,42,asymmetric,3,False,False,True,False,False,False,False,False,False,False,0,True,cycle,1.0,0,15,15,15,neither,0,418.8333225250244,187.91667556762695,"[(7, 2), (6, 2), (5, 2), (4, 2), (3, 2), (3, 2), (3, 2), (3, 2), (3, 2), (3, 2), (3, 2), (3, 2), (3, 2), (3, 2), (3, 2)]","[(7, 1), (6, 1), (5, 1), (4, 1), (3, 1), (3, 1), (3, 1), (3, 1), (3, 1), (3, 1), (3, 1), (3, 1), (3, 1), (3, 1), (3, 1)]"
risk_reward,B,0.0,1.0,42,asymmetric,3,False,False,True,False,False,False,False,False,False,False,0,True,cycle,1.0,0,15,15,15,neither,0,418.8333225250244,237.00001335144043,"[(7, 2), (6, 2), (5, 2), (4, 2), (3, 2), (3, 2), (3, 2), (3, 2), (3, 2), (3, 2), (3, 2), (3, 2), (3, 2), (3, 2), (3, 2)]","[(7, 1), (6, 1), (5, 1), (4, 1), (3, 1), (3, 1), (3, 1), (3, 1), (3, 1), (3, 1), (3, 1), (3, 1), (3, 1), (3, 1), (3, 1)]"
risk_reward,B,0.5,0.0,42,asymmetric,3,False,False,True,False,False,False,False,False,False,False,0,True,cycle,1.0,0,15,15,15,neither,0,467.9166660308838,138.83334159851074,"[(7, 2), (6, 2), (5, 2), (4, 2), (3, 2), (3, 2), (3, 2), (3, 2), (3, 2), (3, 2), (3, 2), (3, 2), (3, 2), (3, 2), (3, 2)]","[(7, 1), (6, 1), (5, 1), (4, 1), (3, 1), (3, 1), (3, 1), (3, 1), (3, 1), (3, 1), (3, 1), (3, 1), (3, 1), (3, 1), (3, 1)]"
risk_reward,B,0.5,1.0,42,asymmetric,3,False,False,True,False,False,False,False,False,False,False,0,True,cycle,1.0,0,15,15,15,neither,0,467.9166660308838,237.00001335144043,"[(7, 2), (6, 2), (5, 2), (4, 2), (3, 2), (3, 2), (3, 2), (3, 2), (3, 2), (3, 2), (3, 2), (3, 2), (3, 2), (3, 2), (3, 2)]","[(7, 1), (6, 1), (5, 1), (4, 1), (3, 1), (3, 1), (3, 1), (3, 1), (3, 1), (3, 1), (3, 1), (3, 1), (3, 1), (3, 1), (3, 1)]"
risk_reward,B,1.0,0.0,42,asymmetric,3,False,False,True,False,False,False,False,False,False,False,0,True,cycle,1.0,0,15,15,15,neither,0,516.9999980926514,138.83334159851074,"[(7, 2), (6, 2), (5, 2), (4, 2), (3, 2), (3, 2), (3, 2), (3, 2), (3, 2), (3, 2), (3, 2), (3, 2), (3, 2), (3, 2), (3, 2)]","[(7, 1), (6, 1), (5, 1), (4, 1), (3, 1), (3, 1), (3, 1), (3, 1), (3, 1), (3, 1), (3, 1), (3, 1), (3, 1), (3, 1), (3, 1)]"
risk_reward,B,1.0,0.5,42,asymmetric,3,False,False,True,False,False,False,False,False,False,False,0,True,cycle,1.0,0,15,15,15,neither,0,516.9999980926514,187.91667556762695,"[(7, 2), (6, 2), (5, 2), (4, 2), (3, 2), (3, 2), (3, 2), (3, 2), (3, 2), (3, 2), (3, 2), (3, 2), (3, 2), (3, 2), (3, 2)]","[(7, 1), (6, 1), (5, 1), (4, 1), (3, 1), (3, 1), (3, 1), (3, 1), (3, 1), (3, 1), (3, 1), (3, 1), (3, 1), (3, 1), (3, 1)]"
double_bottleneck,A,0.0,0.0,42,symmetric,4,False,True,False,True,False,False,False,False,False,False,0,True,cycle,1.0,0,15,9,15,i_only,6,900.0,1138.4333724975586,"[(0, 1), (1, 1), (2, 1), (3, 1), (4, 1), (5, 1), (6, 1), (7, 1), (8, 1), (9, 1), (9, 1), (9, 1), (9, 1), (9, 1), (9, 1)]","[(0, 2), (1, 2), (1, 2), (1, 1), (2, 1), (3, 1), (3, 2), (4, 2), (5, 2), (6, 2), (6, 2), (6, 2), (6, 2), (6, 2), (6, 2)]"
double_bottleneck,A,0.5,0.5,42,symmetric,4,True,False,False,True,True,False,False,False,False,False,0,False,,,0,14,9,14,i_first,5,953.7833557128906,876.3500595092773,"[(0, 1), (1, 1), (2, 1), (3, 1), (4, 1), (5, 1), (6, 1), (7, 1), (8, 1), (9, 1), (9, 1), (9, 1), (9, 1), (9, 1)]","[(0, 2), (1, 2), (1, 2), (1, 1), (2, 1), (3, 1), (3, 2), (4, 2), (5, 2), (6, 2), (6, 1), (7, 1), (8, 1), (8, 2)]"
double_bottleneck,A,1.0,1.0,42,symmetric,4,True,False,False,True,True,False,False,False,False,False,0,False,,,0,14,9,14,i_first,5,1007.5666885375977,625.0333671569824,"[(0, 1), (1, 1), (2, 1), (3, 1), (4, 1), (5, 1), (6, 1), (7, 1), (8, 1), (9, 1), (9, 1), (9, 1), (9, 1), (9, 1)]","[(0, 2), (1, 2), (1, 2), (1, 1), (2, 1), (3, 1), (3, 2), (4, 2), (5, 2), (6, 2), (6, 1), (7, 1), (8, 1), (8, 2)]"
double_bottleneck,A,0.0,0.5,42,asymmetric,4,True,False,False,True,True,False,False,False,False,False,0,False,,,0,14,9,14,i_first,5,900.0,876.3500595092773,"[(0, 1), (1, 1), (2, 1), (3, 1), (4, 1), (5, 1), (6, 1), (7, 1), (8, 1), (9, 1), (9, 1), (9, 1), (9, 1), (9, 1)]","[(0, 2), (1, 2), (1, 2), (1, 1), (2, 1), (3, 1), (3, 2), (4, 2), (5, 2), (6, 2), (6, 1), (7, 1), (8, 1), (8, 2)]"
double_bottleneck,A,0.0,1.0,42,asymmetric,4,True,False,False,True,True,False,False,False,False,False,0,False,,,0,14,9,14,i_first,5,900.0,625.0333671569824,"[(0, 1), (1, 1), (2, 1), (3, 1), (4, 1), (5, 1), (6, 1), (7, 1), (8, 1), (9, 1), (9, 1), (9, 1), (9, 1), (9, 1)]","[(0, 2), (1, 2), (1, 2), (1, 1), (2, 1), (3, 1), (3, 2), (4, 2), (5, 2), (6, 2), (6, 1), (7, 1), (8, 1), (8, 2)]"
double_bottleneck,A,0.5,0.0,42,asymmetric,4,False,True,False,True,False,False,False,False,False,False,0,True,cycle,1.0,0,15,9,15,i_only,6,953.7833557128906,1138.4333724975586,"[(0, 1), (1, 1), (2, 1), (3, 1), (4, 1), (5, 1), (6, 1), (7, 1), (8, 1), (9, 1), (9, 1), (9, 1), (9, 1), (9, 1), (9, 1)]","[(0, 2), (1, 2), (1, 2), (1, 1), (2, 1), (3, 1), (3, 2), (4, 2), (5, 2), (6, 2), (6, 2), (6, 2), (6, 2), (6, 2), (6, 2)]"
double_bottleneck,A,0.5,1.0,42,asymmetric,4,True,False,False,True,True,False,False,False,False,False,0,False,,,0,14,9,14,i_first,5,953.7833557128906,625.0333671569824,"[(0, 1), (1, 1), (2, 1), (3, 1), (4, 1), (5, 1), (6, 1), (7, 1), (8, 1), (9, 1), (9, 1), (9, 1), (9, 1), (9, 1)]","[(0, 2), (1, 2), (1, 2), (1, 1), (2, 1), (3, 1), (3, 2), (4, 2), (5, 2), (6, 2), (6, 1), (7, 1), (8, 1), (8, 2)]"
double_bottleneck,A,1.0,0.0,42,asymmetric,4,False,True,False,True,False,False,False,False,False,False,0,True,cycle,1.0,0,15,9,15,i_only,6,1007.5666885375977,1138.4333724975586,"[(0, 1), (1, 1), (2, 1), (3, 1), (4, 1), (5, 1), (6, 1), (7, 1), (8, 1), (9, 1), (9, 1), (9, 1), (9, 1), (9, 1), (9, 1)]","[(0, 2), (1, 2), (1, 2), (1, 1), (2, 1), (3, 1), (3, 2), (4, 2), (5, 2), (6, 2), (6, 2), (6, 2), (6, 2), (6, 2), (6, 2)]"
double_bottleneck,A,1.0,0.5,42,asymmetric,4,True,False,False,True,True,False,False,False,False,False,0,False,,,0,14,9,14,i_first,5,1007.5666885375977,876.3500595092773,"[(0, 1), (1, 1), (2, 1), (3, 1), (4, 1), (5, 1), (6, 1), (7, 1), (8, 1), (9, 1), (9, 1), (9, 1), (9, 1), (9, 1)]","[(0, 2), (1, 2), (1, 2), (1, 1), (2, 1), (3, 1), (3, 2), (4, 2), (5, 2), (6, 2), (6, 1), (7, 1), (8, 1), (8, 2)]"
double_bottleneck,B,0.0,0.0,42,symmetric,4,False,True,False,False,True,False,False,False,False,False,0,True,cycle,1.0,0,15,15,9,j_only,-6,1138.4333724975586,900.0,"[(0, 2), (1, 2), (1, 2), (1, 1), (2, 1), (3, 1), (3, 2), (4, 2), (5, 2), (6, 2), (6, 2), (6, 2), (6, 2), (6, 2), (6, 2)]","[(0, 1), (1, 1), (2, 1), (3, 1), (4, 1), (5, 1), (6, 1), (7, 1), (8, 1), (9, 1), (9, 1), (9, 1), (9, 1), (9, 1), (9, 1)]"
double_bottleneck,B,0.5,0.5,42,symmetric,4,True,False,False,True,True,False,False,False,False,False,0,False,,,0,14,14,9,j_first,-5,876.3500595092773,953.7833557128906,"[(0, 2), (1, 2), (1, 2), (1, 1), (2, 1), (3, 1), (3, 2), (4, 2), (5, 2), (6, 2), (6, 1), (7, 1), (8, 1), (8, 2)]","[(0, 1), (1, 1), (2, 1), (3, 1), (4, 1), (5, 1), (6, 1), (7, 1), (8, 1), (9, 1), (9, 1), (9, 1), (9, 1), (9, 1)]"
double_bottleneck,B,1.0,1.0,42,symmetric,4,True,False,False,True,True,False,False,False,False,False,0,False,,,0,14,14,9,j_first,-5,625.0333671569824,1007.5666885375977,"[(0, 2), (1, 2), (1, 2), (1, 1), (2, 1), (3, 1), (3, 2), (4, 2), (5, 2), (6, 2), (6, 1), (7, 1), (8, 1), (8, 2)]","[(0, 1), (1, 1), (2, 1), (3, 1), (4, 1), (5, 1), (6, 1), (7, 1), (8, 1), (9, 1), (9, 1), (9, 1), (9, 1), (9, 1)]"
double_bottleneck,B,0.0,0.5,42,asymmetric,4,False,True,False,False,True,False,False,False,False,False,0,True,cycle,1.0,0,15,15,9,j_only,-6,1138.4333724975586,953.7833557128906,"[(0, 2), (1, 2), (1, 2), (1, 1), (2, 1), (3, 1), (3, 2), (4, 2), (5, 2), (6, 2), (6, 2), (6, 2), (6, 2), (6, 2), (6, 2)]","[(0, 1), (1, 1), (2, 1), (3, 1), (4, 1), (5, 1), (6, 1), (7, 1), (8, 1), (9, 1), (9, 1), (9, 1), (9, 1), (9, 1), (9, 1)]"
double_bottleneck,B,0.0,1.0,42,asymmetric,4,False,True,False,False,True,False,False,False,False,False,0,True,cycle,1.0,0,15,15,9,j_only,-6,1138.4333724975586,1007.5666885375977,"[(0, 2), (1, 2), (1, 2), (1, 1), (2, 1), (3, 1), (3, 2), (4, 2), (5, 2), (6, 2), (6, 2), (6, 2), (6, 2), (6, 2), (6, 2)]","[(0, 1), (1, 1), (2, 1), (3, 1), (4, 1), (5, 1), (6, 1), (7, 1), (8, 1), (9, 1), (9, 1), (9, 1), (9, 1), (9, 1), (9, 1)]"
double_bottleneck,B,0.5,0.0,42,asymmetric,4,True,False,False,True,True,False,False,False,False,False,0,False,,,0,14,14,9,j_first,-5,876.3500595092773,900.0,"[(0, 2), (1, 2), (1, 2), (1, 1), (2, 1), (3, 1), (3, 2), (4, 2), (5, 2), (6, 2), (6, 1), (7, 1), (8, 1), (8, 2)]","[(0, 1), (1, 1), (2, 1), (3, 1), (4, 1), (5, 1), (6, 1), (7, 1), (8, 1), (9, 1), (9, 1), (9, 1), (9, 1), (9, 1)]"
double_bottleneck,B,0.5,1.0,42,asymmetric,4,True,False,False,True,True,False,False,False,False,False,0,False,,,0,14,14,9,j_first,-5,876.3500595092773,1007.5666885375977,"[(0, 2), (1, 2), (1, 2), (1, 1), (2, 1), (3, 1), (3, 2), (4, 2), (5, 2), (6, 2), (6, 1), (7, 1), (8, 1), (8, 2)]","[(0, 1), (1, 1), (2, 1), (3, 1), (4, 1), (5, 1), (6, 1), (7, 1), (8, 1), (9, 1), (9, 1), (9, 1), (9, 1), (9, 1)]"
double_bottleneck,B,1.0,0.0,42,asymmetric,4,True,False,False,True,True,False,False,False,False,False,0,False,,,0,14,14,9,j_first,-5,625.0333671569824,900.0,"[(0, 2), (1, 2), (1, 2), (1, 1), (2, 1), (3, 1), (3, 2), (4, 2), (5, 2), (6, 2), (6, 1), (7, 1), (8, 1), (8, 2)]","[(0, 1), (1, 1), (2, 1), (3, 1), (4, 1), (5, 1), (6, 1), (7, 1), (8, 1), (9, 1), (9, 1), (9, 1), (9, 1), (9, 1)]"
double_bottleneck,B,1.0,0.5,42,asymmetric,4,True,False,False,True,True,False,False,False,False,False,0,False,,,0,14,14,9,j_first,-5,625.0333671569824,953.7833557128906,"[(0, 2), (1, 2), (1, 2), (1, 1), (2, 1), (3, 1), (3, 2), (4, 2), (5, 2), (6, 2), (6, 1), (7, 1), (8, 1), (8, 2)]","[(0, 1), (1, 1), (2, 1), (3, 1), (4, 1), (5, 1), (6, 1), (7, 1), (8, 1), (9, 1), (9, 1), (9, 1), (9, 1), (9, 1)]"
passing_bay,A,0.0,0.0,42,symmetric,4,False,False,True,False,False,False,False,False,False,False,0,True,cycle,2.0,0,15,15,15,neither,0,1132.4000244140625,1132.4000244140625,"[(0, 1), (1, 1), (2, 1), (3, 1), (3, 2), (3, 1), (3, 2), (3, 1), (3, 2), (3, 1), (3, 2), (3, 1), (3, 2), (3, 1), (3, 2)]","[(7, 1), (6, 1), (5, 1), (4, 1), (4, 2), (4, 1), (4, 2), (4, 1), (4, 2), (4, 1), (4, 2), (4, 1), (4, 2), (4, 1), (4, 2)]"
passing_bay,A,0.5,0.5,42,symmetric,4,False,False,True,False,False,False,False,False,False,False,0,True,cycle,1.0,0,15,15,15,neither,0,1180.1500701904297,1180.1500701904297,"[(0, 1), (1, 1), (2, 1), (3, 1), (3, 2), (3, 2), (3, 2), (3, 2), (3, 2), (3, 2), (3, 2), (3, 2), (3, 2), (3, 2), (3, 2)]","[(7, 1), (6, 1), (5, 1), (4, 1), (4, 2), (4, 2), (4, 2), (4, 2), (4, 2), (4, 2), (4, 2), (4, 2), (4, 2), (4, 2), (4, 2)]"
passing_bay,A,1.0,1.0,42,symmetric,4,False,False,True,False,False,False,False,False,False,False,0,True,cycle,1.0,0,15,15,15,neither,0,1227.900001525879,1227.900001525879,"[(0, 1), (1, 1), (2, 1), (3, 1), (3, 2), (3, 2), (3, 2), (3, 2), (3, 2), (3, 2), (3, 2), (3, 2), (3, 2), (3, 2), (3, 2)]","[(7, 1), (6, 1), (5, 1), (4, 1), (4, 2), (4, 2), (4, 2), (4, 2), (4, 2), (4, 2), (4, 2), (4, 2), (4, 2), (4, 2), (4, 2)]"
passing_bay,A,0.0,0.5,42,asymmetric,4,True,False,False,True,True,False,False,False,False,False,0,False,,,0,10,9,10,i_first,1,838.7333374023438,778.4833602905273,"[(0, 1), (1, 1), (2, 1), (3, 1), (3, 2), (3, 1), (4, 1), (5, 1), (6, 1), (7, 1)]","[(7, 1), (6, 1), (5, 1), (4, 1), (4, 2), (4, 2), (3, 2), (3, 1), (2, 1), (1, 1)]"
passing_bay,A,0.0,1.0,42,asymmetric,4,True,False,False,True,True,False,False,False,False,False,0,False,,,0,10,9,10,i_first,1,838.7333374023438,680.1666679382324,"[(0, 1), (1, 1), (2, 1), (3, 1), (3, 2), (3, 1), (4, 1), (5, 1), (6, 1), (7, 1)]","[(7, 1), (6, 1), (5, 1), (4, 1), (4, 2), (4, 2), (3, 2), (3, 1), (2, 1), (1, 1)]"
passing_bay,A,0.5,0.0,42,asymmetric,4,True,False,False,True,True,False,False,False,False,False,0,False,,,0,10,10,9,j_first,-1,778.4833602905273,838.7333374023438,"[(0, 1), (1, 1), (2, 1), (3, 1), (3, 2), (3, 2), (4, 2), (4, 1), (5, 1), (6, 1)]","[(7, 1), (6, 1), (5, 1), (4, 1), (4, 2), (4, 1), (3, 1), (2, 1), (1, 1), (0, 1)]"
passing_bay,A,0.5,1.0,42,asymmetric,4,False,False,True,False,False,False,False,False,False,False,0,True,cycle,1.0,0,15,15,15,neither,0,1180.1500701904297,1227.900001525879,"[(0, 1), (1, 1), (2, 1), (3, 1), (3, 2), (3, 2), (3, 2), (3, 2), (3, 2), (3, 2), (3, 2), (3, 2), (3, 2), (3, 2), (3, 2)]","[(7, 1), (6, 1), (5, 1), (4, 1), (4, 2), (4, 2), (4, 2), (4, 2), (4, 2), (4, 2), (4, 2), (4, 2), (4, 2), (4, 2), (4, 2)]"
passing_bay,A,1.0,0.0,42,asymmetric,4,True,False,False,True,True,False,False,False,False,False,0,False,,,0,10,10,9,j_first,-1,680.1666679382324,838.7333374023438,"[(0, 1), (1, 1), (2, 1), (3, 1), (3, 2), (3, 2), (4, 2), (4, 1), (5, 1), (6, 1)]","[(7, 1), (6, 1), (5, 1), (4, 1), (4, 2), (4, 1), (3, 1), (2, 1), (1, 1), (0, 1)]"
passing_bay,A,1.0,0.5,42,asymmetric,4,False,False,True,False,False,False,False,False,False,False,0,True,cycle,1.0,0,15,15,15,neither,0,1227.900001525879,1180.1500701904297,"[(0, 1), (1, 1), (2, 1), (3, 1), (3, 2), (3, 2), (3, 2), (3, 2), (3, 2), (3, 2), (3, 2), (3, 2), (3, 2), (3, 2), (3, 2)]","[(7, 1), (6, 1), (5, 1), (4, 1), (4, 2), (4, 2), (4, 2), (4, 2), (4, 2), (4, 2), (4, 2), (4, 2), (4, 2), (4, 2), (4, 2)]"
passing_bay,B,0.0,0.0,42,symmetric,4,False,False,True,False,False,False,False,False,False,False,0,True,cycle,2.0,0,15,15,15,neither,0,1132.4000244140625,1132.4000244140625,"[(7, 1), (6, 1), (5, 1), (4, 1), (4, 2), (4, 1), (4, 2), (4, 1), (4, 2), (4, 1), (4, 2), (4, 1), (4, 2), (4, 1), (4, 2)]","[(0, 1), (1, 1), (2, 1), (3, 1), (3, 2), (3, 1), (3, 2), (3, 1), (3, 2), (3, 1), (3, 2), (3, 1), (3, 2), (3, 1), (3, 2)]"
passing_bay,B,0.5,0.5,42,symmetric,4,False,False,True,False,False,False,False,False,False,False,0,True,cycle,1.0,0,15,15,15,neither,0,1180.1500701904297,1180.1500701904297,"[(7, 1), (6, 1), (5, 1), (4, 1), (4, 2), (4, 2), (4, 2), (4, 2), (4, 2), (4, 2), (4, 2), (4, 2), (4, 2), (4, 2), (4, 2)]","[(0, 1), (1, 1), (2, 1), (3, 1), (3, 2), (3, 2), (3, 2), (3, 2), (3, 2), (3, 2), (3, 2), (3, 2), (3, 2), (3, 2), (3, 2)]"
passing_bay,B,1.0,1.0,42,symmetric,4,False,False,True,False,False,False,False,False,False,False,0,True,cycle,1.0,0,15,15,15,neither,0,1227.900001525879,1227.900001525879,"[(7, 1), (6, 1), (5, 1), (4, 1), (4, 2), (4, 2), (4, 2), (4, 2), (4, 2), (4, 2), (4, 2), (4, 2), (4, 2), (4, 2), (4, 2)]","[(0, 1), (1, 1), (2, 1), (3, 1), (3, 2), (3, 2), (3, 2), (3, 2), (3, 2), (3, 2), (3, 2), (3, 2), (3, 2), (3, 2), (3, 2)]"
passing_bay,B,0.0,0.5,42,asymmetric,4,True,False,False,True,True,False,False,False,False,False,0,False,,,0,10,9,10,i_first,1,838.7333374023438,778.4833602905273,"[(7, 1), (6, 1), (5, 1), (4, 1), (4, 2), (4, 1), (3, 1), (2, 1), (1, 1), (0, 1)]","[(0, 1), (1, 1), (2, 1), (3, 1), (3, 2), (3, 2), (4, 2), (4, 1), (5, 1), (6, 1)]"
passing_bay,B,0.0,1.0,42,asymmetric,4,True,False,False,True,True,False,False,False,False,False,0,False,,,0,10,9,10,i_first,1,838.7333374023438,680.1666679382324,"[(7, 1), (6, 1), (5, 1), (4, 1), (4, 2), (4, 1), (3, 1), (2, 1), (1, 1), (0, 1)]","[(0, 1), (1, 1), (2, 1), (3, 1), (3, 2), (3, 2), (4, 2), (4, 1), (5, 1), (6, 1)]"
passing_bay,B,0.5,0.0,42,asymmetric,4,True,False,False,True,True,False,False,False,False,False,0,False,,,0,10,10,9,j_first,-1,778.4833602905273,838.7333374023438,"[(7, 1), (6, 1), (5, 1), (4, 1), (4, 2), (4, 2), (3, 2), (3, 1), (2, 1), (1, 1)]","[(0, 1), (1, 1), (2, 1), (3, 1), (3, 2), (3, 1), (4, 1), (5, 1), (6, 1), (7, 1)]"
passing_bay,B,0.5,1.0,42,asymmetric,4,False,False,True,False,False,False,False,False,False,False,0,True,cycle,1.0,0,15,15,15,neither,0,1180.1500701904297,1227.900001525879,"[(7, 1), (6, 1), (5, 1), (4, 1), (4, 2), (4, 2), (4, 2), (4, 2), (4, 2), (4, 2), (4, 2), (4, 2), (4, 2), (4, 2), (4, 2)]","[(0, 1), (1, 1), (2, 1), (3, 1), (3, 2), (3, 2), (3, 2), (3, 2), (3, 2), (3, 2), (3, 2), (3, 2), (3, 2), (3, 2), (3, 2)]"
passing_bay,B,1.0,0.0,42,asymmetric,4,True,False,False,True,True,False,False,False,False,False,0,False,,,0,10,10,9,j_first,-1,680.1666679382324,838.7333374023438,"[(7, 1), (6, 1), (5, 1), (4, 1), (4, 2), (4, 2), (3, 2), (3, 1), (2, 1), (1, 1)]","[(0, 1), (1, 1), (2, 1), (3, 1), (3, 2), (3, 1), (4, 1), (5, 1), (6, 1), (7, 1)]"
passing_bay,B,1.0,0.5,42,asymmetric,4,False,False,True,False,False,False,False,False,False,False,0,True,cycle,1.0,0,15,15,15,neither,0,1227.900001525879,1180.1500701904297,"[(7, 1), (6, 1), (5, 1), (4, 1), (4, 2), (4, 2), (4, 2), (4, 2), (4, 2), (4, 2), (4, 2), (4, 2), (4, 2), (4, 2), (4, 2)]","[(0, 1), (1, 1), (2, 1), (3, 1), (3, 2), (3, 2), (3, 2), (3, 2), (3, 2), (3, 2), (3, 2), (3, 2), (3, 2), (3, 2), (3, 2)]"
asymmetric_detour,A,0.0,0.0,42,symmetric,3,False,True,False,True,True,False,False,False,True,False,1,False,,,0,8,7,8,i_first,1,700.0,605.5666961669922,"[(0, 1), (1, 1), (2, 1), (3, 1), (4, 1), (5, 1), (6, 1), (7, 1)]","[(0, 2), (1, 2), (2, 2), (3, 2), (4, 2), (5, 2), (6, 2), (7, 2)]"
asymmetric_detour,A,0.5,0.5,42,symmetric,3,False,True,False,True,True,False,False,False,True,False,1,False,,,0,8,7,8,i_first,1,681.6333465576172,508.65003967285156,"[(0, 1), (1, 1), (2, 1), (3, 1), (4, 1), (5, 1), (6, 1), (7, 1)]","[(0, 2), (1, 2), (2, 2), (3, 2), (4, 2), (5, 2), (6, 2), (7, 2)]"
asymmetric_detour,A,1.0,1.0,42,symmetric,3,False,True,False,True,False,False,False,False,False,False,0,True,cycle,1.0,0,15,7,15,i_only,8,663.2666549682617,346.7333564758301,"[(0, 1), (1, 1), (2, 1), (3, 1), (4, 1), (5, 1), (6, 1), (7, 1), (7, 1), (7, 1), (7, 1), (7, 1), (7, 1), (7, 1), (7, 1)]","[(0, 2), (1, 2), (2, 2), (3, 2), (4, 2), (5, 2), (6, 2), (7, 2), (7, 2), (7, 2), (7, 2), (7, 2), (7, 2), (7, 2), (7, 2)]"
asymmetric_detour,A,0.0,0.5,42,asymmetric,3,False,True,False,True,True,False,False,False,True,False,1,False,,,0,8,7,8,i_first,1,700.0,506.15003967285156,"[(0, 1), (1, 1), (2, 1), (3, 1), (4, 1), (5, 1), (6, 1), (7, 1)]","[(0, 2), (1, 2), (2, 2), (3, 2), (4, 2), (5, 2), (6, 2), (7, 2)]"
asymmetric_detour,A,0.0,1.0,42,asymmetric,3,False,True,False,True,True,False,False,False,True,False,1,False,,,0,8,7,8,i_first,1,700.0,406.7333564758301,"[(0, 1), (1, 1), (2, 1), (3, 1), (4, 1), (5, 1), (6, 1), (7, 1)]","[(0, 2), (1, 2), (2, 2), (3, 2), (4, 2), (5, 2), (6, 2), (7, 2)]"
asymmetric_detour,A,0.5,0.0,42,asymmetric,3,False,True,False,True,True,False,False,False,True,False,1,False,,,0,8,7,8,i_first,1,681.6333465576172,605.5666961669922,"[(0, 1), (1, 1), (2, 1), (3, 1), (4, 1), (5, 1), (6, 1), (7, 1)]","[(0, 2), (1, 2), (2, 2), (3, 2), (4, 2), (5, 2), (6, 2), (7, 2)]"
asymmetric_detour,A,0.5,1.0,42,asymmetric,3,False,True,False,True,True,False,False,False,True,False,1,False,,,0,8,7,8,i_first,1,681.6333465576172,411.7333564758301,"[(0, 1), (1, 1), (2, 1), (3, 1), (4, 1), (5, 1), (6, 1), (7, 1)]","[(0, 2), (1, 2), (2, 2), (3, 2), (4, 2), (5, 2), (6, 2), (7, 2)]"
asymmetric_detour,A,1.0,0.0,42,asymmetric,3,False,True,False,True,True,False,False,False,True,False,1,False,,,0,8,7,8,i_first,1,663.2666549682617,605.5666961669922,"[(0, 1), (1, 1), (2, 1), (3, 1), (4, 1), (5, 1), (6, 1), (7, 1)]","[(0, 2), (1, 2), (2, 2), (3, 2), (4, 2), (5, 2), (6, 2), (7, 2)]"
asymmetric_detour,A,1.0,0.5,42,asymmetric,3,False,True,False,True,True,False,False,False,True,False,1,False,,,0,8,7,8,i_first,1,663.2666549682617,511.15003967285156,"[(0, 1), (1, 1), (2, 1), (3, 1), (4, 1), (5, 1), (6, 1), (7, 1)]","[(0, 2), (1, 2), (2, 2), (3, 2), (4, 2), (5, 2), (6, 2), (7, 2)]"
asymmetric_detour,B,0.0,0.0,42,symmetric,3,False,True,False,True,True,False,False,False,True,False,1,False,,,0,8,8,7,j_first,-1,605.5666961669922,700.0,"[(0, 2), (1, 2), (2, 2), (3, 2), (4, 2), (5, 2), (6, 2), (7, 2)]","[(0, 1), (1, 1), (2, 1), (3, 1), (4, 1), (5, 1), (6, 1), (7, 1)]"
asymmetric_detour,B,0.5,0.5,42,symmetric,3,False,True,False,True,True,False,False,False,True,False,1,False,,,0,8,8,7,j_first,-1,508.65003967285156,681.6333465576172,"[(0, 2), (1, 2), (2, 2), (3, 2), (4, 2), (5, 2), (6, 2), (7, 2)]","[(0, 1), (1, 1), (2, 1), (3, 1), (4, 1), (5, 1), (6, 1), (7, 1)]"
asymmetric_detour,B,1.0,1.0,42,symmetric,3,False,True,False,False,True,False,False,False,False,False,0,True,cycle,1.0,0,15,15,7,j_only,-8,346.7333564758301,663.2666549682617,"[(0, 2), (1, 2), (2, 2), (3, 2), (4, 2), (5, 2), (6, 2), (7, 2), (7, 2), (7, 2), (7, 2), (7, 2), (7, 2), (7, 2), (7, 2)]","[(0, 1), (1, 1), (2, 1), (3, 1), (4, 1), (5, 1), (6, 1), (7, 1), (7, 1), (7, 1), (7, 1), (7, 1), (7, 1), (7, 1), (7, 1)]"
asymmetric_detour,B,0.0,0.5,42,asymmetric,3,False,True,False,True,True,False,False,False,True,False,1,False,,,0,8,8,7,j_first,-1,605.5666961669922,681.6333465576172,"[(0, 2), (1, 2), (2, 2), (3, 2), (4, 2), (5, 2), (6, 2), (7, 2)]","[(0, 1), (1, 1), (2, 1), (3, 1), (4, 1), (5, 1), (6, 1), (7, 1)]"
asymmetric_detour,B,0.0,1.0,42,asymmetric,3,False,True,False,True,True,False,False,False,True,False,1,False,,,0,8,8,7,j_first,-1,605.5666961669922,663.2666549682617,"[(0, 2), (1, 2), (2, 2), (3, 2), (4, 2), (5, 2), (6, 2), (7, 2)]","[(0, 1), (1, 1), (2, 1), (3, 1), (4, 1), (5, 1), (6, 1), (7, 1)]"
asymmetric_detour,B,0.5,0.0,42,asymmetric,3,False,True,False,True,True,False,False,False,True,False,1,False,,,0,8,8,7,j_first,-1,506.15003967285156,700.0,"[(0, 2), (1, 2), (2, 2), (3, 2), (4, 2), (5, 2), (6, 2), (7, 2)]","[(0, 1), (1, 1), (2, 1), (3, 1), (4, 1), (5, 1), (6, 1), (7, 1)]"
asymmetric_detour,B,0.5,1.0,42,asymmetric,3,False,True,False,True,True,False,False,False,True,False,1,False,,,0,8,8,7,j_first,-1,511.15003967285156,663.2666549682617,"[(0, 2), (1, 2), (2, 2), (3, 2), (4, 2), (5, 2), (6, 2), (7, 2)]","[(0, 1), (1, 1), (2, 1), (3, 1), (4, 1), (5, 1), (6, 1), (7, 1)]"
asymmetric_detour,B,1.0,0.0,42,asymmetric,3,False,True,False,True,True,False,False,False,True,False,1,False,,,0,8,8,7,j_first,-1,406.7333564758301,700.0,"[(0, 2), (1, 2), (2, 2), (3, 2), (4, 2), (5, 2), (6, 2), (7, 2)]","[(0, 1), (1, 1), (2, 1), (3, 1), (4, 1), (5, 1), (6, 1), (7, 1)]"
asymmetric_detour,B,1.0,0.5,42,asymmetric,3,False,True,False,True,True,False,False,False,True,False,1,False,,,0,8,8,7,j_first,-1,411.7333564758301,681.6333465576172,"[(0, 2), (1, 2), (2, 2), (3, 2), (4, 2), (5, 2), (6, 2), (7, 2)]","[(0, 1), (1, 1), (2, 1), (3, 1), (4, 1), (5, 1), (6, 1), (7, 1)]"
t_junction,A,0.0,0.0,42,symmetric,4,False,False,True,False,False,False,False,False,True,False,1,False,,,0,2,2,2,neither,0,18.866668701171875,55.53333282470703,"[(3, 0), (3, 1)]","[(3, 4), (3, 3)]"
t_junction,A,0.5,0.5,42,symmetric,4,False,False,True,False,False,False,False,False,True,False,1,False,,,0,2,2,2,neither,0,23.9666690826416,71.80000114440918,"[(3, 0), (3, 1)]","[(3, 4), (3, 3)]"
t_junction,A,1.0,1.0,42,symmetric,4,False,False,True,False,False,False,False,False,True,False,1,False,,,0,2,2,2,neither,0,29.066669464111328,93.06666946411133,"[(3, 0), (3, 1)]","[(3, 4), (3, 3)]"
t_junction,A,0.0,0.5,42,asymmetric,4,False,False,True,False,False,False,False,False,True,False,1,False,,,0,2,2,2,neither,0,18.866668701171875,69.29999732971191,"[(3, 0), (3, 1)]","[(3, 4), (3, 3)]"
t_junction,A,0.0,1.0,42,asymmetric,4,False,False,True,False,False,False,False,False,True,False,1,False,,,0,2,2,2,neither,0,18.866668701171875,83.06666564941406,"[(3, 0), (3, 1)]","[(3, 4), (3, 3)]"
t_junction,A,0.5,0.0,42,asymmetric,4,False,False,True,False,False,False,False,False,True,False,1,False,,,0,2,2,2,neither,0,23.9666690826416,55.53333282470703,"[(3, 0), (3, 1)]","[(3, 4), (3, 3)]"
t_junction,A,0.5,1.0,42,asymmetric,4,False,False,True,False,False,False,False,False,True,False,1,False,,,0,2,2,2,neither,0,23.9666690826416,88.06666946411133,"[(3, 0), (3, 1)]","[(3, 4), (3, 3)]"
t_junction,A,1.0,0.0,42,asymmetric,4,False,False,True,False,False,False,False,False,True,False,1,False,,,0,2,2,2,neither,0,29.066669464111328,55.53333282470703,"[(3, 0), (3, 1)]","[(3, 4), (3, 3)]"
t_junction,A,1.0,0.5,42,asymmetric,4,False,False,True,False,False,False,False,False,True,False,1,False,,,0,2,2,2,neither,0,29.066669464111328,74.30000114440918,"[(3, 0), (3, 1)]","[(3, 4), (3, 3)]"
t_junction,B,0.0,0.0,42,symmetric,4,False,False,True,False,False,False,False,False,True,False,1,False,,,0,2,2,2,neither,0,55.53333282470703,18.866668701171875,"[(3, 4), (3, 3)]","[(3, 0), (3, 1)]"
t_junction,B,0.5,0.5,42,symmetric,4,False,False,True,False,False,False,False,False,True,False,1,False,,,0,2,2,2,neither,0,71.80000114440918,23.9666690826416,"[(3, 4), (3, 3)]","[(3, 0), (3, 1)]"
t_junction,B,1.0,1.0,42,symmetric,4,False,False,True,False,False,False,False,False,True,False,1,False,,,0,2,2,2,neither,0,93.06666946411133,29.066669464111328,"[(3, 4), (3, 3)]","[(3, 0), (3, 1)]"
t_junction,B,0.0,0.5,42,asymmetric,4,False,False,True,False,False,False,False,False,True,False,1,False,,,0,2,2,2,neither,0,55.53333282470703,23.9666690826416,"[(3, 4), (3, 3)]","[(3, 0), (3, 1)]"
t_junction,B,0.0,1.0,42,asymmetric,4,False,False,True,False,False,False,False,False,True,False,1,False,,,0,2,2,2,neither,0,55.53333282470703,29.066669464111328,"[(3, 4), (3, 3)]","[(3, 0), (3, 1)]"
t_junction,B,0.5,0.0,42,asymmetric,4,False,False,True,False,False,False,False,False,True,False,1,False,,,0,2,2,2,neither,0,69.29999732971191,18.866668701171875,"[(3, 4), (3, 3)]","[(3, 0), (3, 1)]"
t_junction,B,0.5,1.0,42,asymmetric,4,False,False,True,False,False,False,False,False,True,False,1,False,,,0,2,2,2,neither,0,74.30000114440918,29.066669464111328,"[(3, 4), (3, 3)]","[(3, 0), (3, 1)]"
t_junction,B,1.0,0.0,42,asymmetric,4,False,False,True,False,False,False,False,False,True,False,1,False,,,0,2,2,2,neither,0,83.06666564941406,18.866668701171875,"[(3, 4), (3, 3)]","[(3, 0), (3, 1)]"
t_junction,B,1.0,0.5,42,asymmetric,4,False,False,True,False,False,False,False,False,True,False,1,False,,,0,2,2,2,neither,0,88.06666946411133,23.9666690826416,"[(3, 4), (3, 3)]","[(3, 0), (3, 1)]"
symmetric_bottleneck,A,0.0,0.0,42,symmetric,4,False,False,True,False,False,False,False,False,False,False,0,True,cycle,1.0,0,15,15,15,neither,0,36.0,36.0,"[(0, 1), (1, 1), (2, 1), (3, 1), (4, 1), (4, 1), (4, 1), (4, 1), (4, 1), (4, 1), (4, 1), (4, 1), (4, 1), (4, 1), (4, 1)]","[(9, 1), (8, 1), (7, 1), (6, 1), (5, 1), (5, 1), (5, 1), (5, 1), (5, 1), (5, 1), (5, 1), (5, 1), (5, 1), (5, 1), (5, 1)]"
symmetric_bottleneck,A,0.5,0.5,42,symmetric,4,False,False,True,False,False,False,False,False,False,False,0,True,cycle,1.0,0,15,15,15,neither,0,96.0,96.0,"[(0, 1), (1, 1), (2, 1), (3, 1), (4, 1), (4, 1), (4, 1), (4, 1), (4, 1), (4, 1), (4, 1), (4, 1), (4, 1), (4, 1), (4, 1)]","[(9, 1), (8, 1), (7, 1), (6, 1), (5, 1), (5, 1), (5, 1), (5, 1), (5, 1), (5, 1), (5, 1), (5, 1), (5, 1), (5, 1), (5, 1)]"
symmetric_bottleneck,A,1.0,1.0,42,symmetric,4,False,False,True,False,False,False,False,False,False,False,0,True,cycle,1.0,0,15,15,15,neither,0,96.0,96.0,"[(0, 1), (1, 1), (2, 1), (3, 1), (4, 1), (4, 1), (4, 1), (4, 1), (4, 1), (4, 1), (4, 1), (4, 1), (4, 1), (4, 1), (4, 1)]","[(9, 1), (8, 1), (7, 1), (6, 1), (5, 1), (5, 1), (5, 1), (5, 1), (5, 1), (5, 1), (5, 1), (5, 1), (5, 1), (5, 1), (5, 1)]"
symmetric_bottleneck,A,0.0,0.5,42,asymmetric,4,False,False,True,False,False,False,False,False,False,False,0,True,cycle,1.0,0,15,15,15,neither,0,36.0,96.0,"[(0, 1), (1, 1), (2, 1), (3, 1), (4, 1), (4, 1), (4, 1), (4, 1), (4, 1), (4, 1), (4, 1), (4, 1), (4, 1), (4, 1), (4, 1)]","[(9, 1), (8, 1), (7, 1), (6, 1), (5, 1), (5, 1), (5, 1), (5, 1), (5, 1), (5, 1), (5, 1), (5, 1), (5, 1), (5, 1), (5, 1)]"
symmetric_bottleneck,A,0.0,1.0,42,asymmetric,4,False,False,True,False,False,False,False,False,False,False,0,True,cycle,1.0,0,15,15,15,neither,0,36.0,96.0,"[(0, 1), (1, 1), (2, 1), (3, 1), (4, 1), (4, 1), (4, 1), (4, 1), (4, 1), (4, 1), (4, 1), (4, 1), (4, 1), (4, 1), (4, 1)]","[(9, 1), (8, 1), (7, 1), (6, 1), (5, 1), (5, 1), (5, 1), (5, 1), (5, 1), (5, 1), (5, 1), (5, 1), (5, 1), (5, 1), (5, 1)]"
symmetric_bottleneck,A,0.5,0.0,42,asymmetric,4,False,False,True,False,False,False,False,False,False,False,0,True,cycle,1.0,0,15,15,15,neither,0,96.0,36.0,"[(0, 1), (1, 1), (2, 1), (3, 1), (4, 1), (4, 1), (4, 1), (4, 1), (4, 1), (4, 1), (4, 1), (4, 1), (4, 1), (4, 1), (4, 1)]","[(9, 1), (8, 1), (7, 1), (6, 1), (5, 1), (5, 1), (5, 1), (5, 1), (5, 1), (5, 1), (5, 1), (5, 1), (5, 1), (5, 1), (5, 1)]"
symmetric_bottleneck,A,0.5,1.0,42,asymmetric,4,False,False,True,False,False,False,False,False,False,False,0,True,cycle,1.0,0,15,15,15,neither,0,96.0,96.0,"[(0, 1), (1, 1), (2, 1), (3, 1), (4, 1), (4, 1), (4, 1), (4, 1), (4, 1), (4, 1), (4, 1), (4, 1), (4, 1), (4, 1), (4, 1)]","[(9, 1), (8, 1), (7, 1), (6, 1), (5, 1), (5, 1), (5, 1), (5, 1), (5, 1), (5, 1), (5, 1), (5, 1), (5, 1), (5, 1), (5, 1)]"
symmetric_bottleneck,A,1.0,0.0,42,asymmetric,4,False,False,True,False,False,False,False,False,False,False,0,True,cycle,1.0,0,15,15,15,neither,0,96.0,36.0,"[(0, 1), (1, 1), (2, 1), (3, 1), (4, 1), (4, 1), (4, 1), (4, 1), (4, 1), (4, 1), (4, 1), (4, 1), (4, 1), (4, 1), (4, 1)]","[(9, 1), (8, 1), (7, 1), (6, 1), (5, 1), (5, 1), (5, 1), (5, 1), (5, 1), (5, 1), (5, 1), (5, 1), (5, 1), (5, 1), (5, 1)]"
symmetric_bottleneck,A,1.0,0.5,42,asymmetric,4,False,False,True,False,False,False,False,False,False,False,0,True,cycle,1.0,0,15,15,15,neither,0,96.0,96.0,"[(0, 1), (1, 1), (2, 1), (3, 1), (4, 1), (4, 1), (4, 1), (4, 1), (4, 1), (4, 1), (4, 1), (4, 1), (4, 1), (4, 1), (4, 1)]","[(9, 1), (8, 1), (7, 1), (6, 1), (5, 1), (5, 1), (5, 1), (5, 1), (5, 1), (5, 1), (5, 1), (5, 1), (5, 1), (5, 1), (5, 1)]"
symmetric_bottleneck,B,0.0,0.0,42,symmetric,4,False,False,True,False,False,False,False,False,False,False,0,True,cycle,1.0,0,15,15,15,neither,0,36.0,36.0,"[(9, 1), (8, 1), (7, 1), (6, 1), (5, 1), (5, 1), (5, 1), (5, 1), (5, 1), (5, 1), (5, 1), (5, 1), (5, 1), (5, 1), (5, 1)]","[(0, 1), (1, 1), (2, 1), (3, 1), (4, 1), (4, 1), (4, 1), (4, 1), (4, 1), (4, 1), (4, 1), (4, 1), (4, 1), (4, 1), (4, 1)]"
symmetric_bottleneck,B,0.5,0.5,42,symmetric,4,False,False,True,False,False,False,False,False,False,False,0,True,cycle,1.0,0,15,15,15,neither,0,96.0,96.0,"[(9, 1), (8, 1), (7, 1), (6, 1), (5, 1), (5, 1), (5, 1), (5, 1), (5, 1), (5, 1), (5, 1), (5, 1), (5, 1), (5, 1), (5, 1)]","[(0, 1), (1, 1), (2, 1), (3, 1), (4, 1), (4, 1), (4, 1), (4, 1), (4, 1), (4, 1), (4, 1), (4, 1), (4, 1), (4, 1), (4, 1)]"
symmetric_bottleneck,B,1.0,1.0,42,symmetric,4,False,False,True,False,False,False,False,False,False,False,0,True,cycle,1.0,0,15,15,15,neither,0,96.0,96.0,"[(9, 1), (8, 1), (7, 1), (6, 1), (5, 1), (5, 1), (5, 1), (5, 1), (5, 1), (5, 1), (5, 1), (5, 1), (5, 1), (5, 1), (5, 1)]","[(0, 1), (1, 1), (2, 1), (3, 1), (4, 1), (4, 1), (4, 1), (4, 1), (4, 1), (4, 1), (4, 1), (4, 1), (4, 1), (4, 1), (4, 1)]"
symmetric_bottleneck,B,0.0,0.5,42,asymmetric,4,False,False,True,False,False,False,False,False,False,False,0,True,cycle,1.0,0,15,15,15,neither,0,36.0,96.0,"[(9, 1), (8, 1), (7, 1), (6, 1), (5, 1), (5, 1), (5, 1), (5, 1), (5, 1), (5, 1), (5, 1), (5, 1), (5, 1), (5, 1), (5, 1)]","[(0, 1), (1, 1), (2, 1), (3, 1), (4, 1), (4, 1), (4, 1), (4, 1), (4, 1), (4, 1), (4, 1), (4, 1), (4, 1), (4, 1), (4, 1)]"
symmetric_bottleneck,B,0.0,1.0,42,asymmetric,4,False,False,True,False,False,False,False,False,False,False,0,True,cycle,1.0,0,15,15,15,neither,0,36.0,96.0,"[(9, 1), (8, 1), (7, 1), (6, 1), (5, 1), (5, 1), (5, 1), (5, 1), (5, 1), (5, 1), (5, 1), (5, 1), (5, 1), (5, 1), (5, 1)]","[(0, 1), (1, 1), (2, 1), (3, 1), (4, 1), (4, 1), (4, 1), (4, 1), (4, 1), (4, 1), (4, 1), (4, 1), (4, 1), (4, 1), (4, 1)]"
symmetric_bottleneck,B,0.5,0.0,42,asymmetric,4,False,False,True,False,False,False,False,False,False,False,0,True,cycle,1.0,0,15,15,15,neither,0,96.0,36.0,"[(9, 1), (8, 1), (7, 1), (6, 1), (5, 1), (5, 1), (5, 1), (5, 1), (5, 1), (5, 1), (5, 1), (5, 1), (5, 1), (5, 1), (5, 1)]","[(0, 1), (1, 1), (2, 1), (3, 1), (4, 1), (4, 1), (4, 1), (4, 1), (4, 1), (4, 1), (4, 1), (4, 1), (4, 1), (4, 1), (4, 1)]"
symmetric_bottleneck,B,0.5,1.0,42,asymmetric,4,False,False,True,False,False,False,False,False,False,False,0,True,cycle,1.0,0,15,15,15,neither,0,96.0,96.0,"[(9, 1), (8, 1), (7, 1), (6, 1), (5, 1), (5, 1), (5, 1), (5, 1), (5, 1), (5, 1), (5, 1), (5, 1), (5, 1), (5, 1), (5, 1)]","[(0, 1), (1, 1), (2, 1), (3, 1), (4, 1), (4, 1), (4, 1), (4, 1), (4, 1), (4, 1), (4, 1), (4, 1), (4, 1), (4, 1), (4, 1)]"
symmetric_bottleneck,B,1.0,0.0,42,asymmetric,4,False,False,True,False,False,False,False,False,False,False,0,True,cycle,1.0,0,15,15,15,neither,0,96.0,36.0,"[(9, 1), (8, 1), (7, 1), (6, 1), (5, 1), (5, 1), (5, 1), (5, 1), (5, 1), (5, 1), (5, 1), (5, 1), (5, 1), (5, 1), (5, 1)]","[(0, 1), (1, 1), (2, 1), (3, 1), (4, 1), (4, 1), (4, 1), (4, 1), (4, 1), (4, 1), (4, 1), (4, 1), (4, 1), (4, 1), (4, 1)]"
symmetric_bottleneck,B,1.0,0.5,42,asymmetric,4,False,False,True,False,False,False,False,False,False,False,0,True,cycle,1.0,0,15,15,15,neither,0,96.0,96.0,"[(9, 1), (8, 1), (7, 1), (6, 1), (5, 1), (5, 1), (5, 1), (5, 1), (5, 1), (5, 1), (5, 1), (5, 1), (5, 1), (5, 1), (5, 1)]","[(0, 1), (1, 1), (2, 1), (3, 1), (4, 1), (4, 1), (4, 1), (4, 1), (4, 1), (4, 1), (4, 1), (4, 1), (4, 1), (4, 1), (4, 1)]"
vertical_bottleneck,A,0.0,0.0,42,symmetric,4,False,False,True,False,False,False,False,False,True,False,1,False,,,0,3,3,3,neither,0,14.0,-16.0,"[(1, 2), (2, 2), (3, 2)]","[(4, 5), (3, 5), (3, 4)]"
vertical_bottleneck,A,0.5,0.5,42,symmetric,4,False,False,True,False,False,False,False,False,False,False,0,True,cycle,1.0,0,15,15,15,neither,0,90.0,90.0,"[(1, 2), (1, 2), (1, 2), (1, 2), (1, 2), (1, 2), (1, 2), (1, 2), (1, 2), (1, 2), (1, 2), (1, 2), (1, 2), (1, 2), (1, 2)]","[(4, 5), (4, 5), (4, 5), (4, 5), (4, 5), (4, 5), (4, 5), (4, 5), (4, 5), (4, 5), (4, 5), (4, 5), (4, 5), (4, 5), (4, 5)]"
vertical_bottleneck,A,1.0,1.0,42,symmetric,4,False,False,True,False,False,False,False,False,False,False,0,True,cycle,1.0,0,15,15,15,neither,0,90.0,90.0,"[(1, 2), (1, 2), (1, 2), (1, 2), (1, 2), (1, 2), (1, 2), (1, 2), (1, 2), (1, 2), (1, 2), (1, 2), (1, 2), (1, 2), (1, 2)]","[(4, 5), (4, 5), (4, 5), (4, 5), (4, 5), (4, 5), (4, 5), (4, 5), (4, 5), (4, 5), (4, 5), (4, 5), (4, 5), (4, 5), (4, 5)]"
vertical_bottleneck,A,0.0,0.5,42,asymmetric,4,True,False,False,True,True,False,False,False,False,False,0,False,,,0,11,7,11,i_first,4,-50.0,-22.0,"[(1, 2), (2, 2), (3, 2), (3, 3), (3, 4), (3, 5), (2, 5), (1, 5), (1, 5), (1, 5), (1, 5)]","[(4, 5), (4, 5), (4, 5), (4, 5), (4, 5), (4, 5), (4, 5), (3, 5), (3, 4), (3, 3), (3, 2)]"
vertical_bottleneck,A,0.0,1.0,42,asymmetric,4,True,False,False,True,True,False,False,False,False,False,0,False,,,0,11,7,11,i_first,4,-50.0,-22.0,"[(1, 2), (2, 2), (3, 2), (3, 3), (3, 4), (3, 5), (2, 5), (1, 5), (1, 5), (1, 5), (1, 5)]","[(4, 5), (4, 5), (4, 5), (4, 5), (4, 5), (4, 5), (4, 5), (3, 5), (3, 4), (3, 3), (3, 2)]"
vertical_bottleneck,A,0.5,0.0,42,asymmetric,4,True,False,False,True,True,False,False,False,False,False,0,False,,,0,11,11,5,j_first,-6,-26.0,-56.0,"[(1, 2), (1, 2), (1, 2), (1, 2), (1, 2), (2, 2), (3, 2), (3, 3), (3, 4), (3, 5), (2, 5)]","[(4, 5), (3, 5), (3, 4), (3, 3), (3, 2), (4, 2), (4, 2), (4, 2), (4, 2), (4, 2), (4, 2)]"
vertical_bottleneck,A,0.5,1.0,42,asymmetric,4,False,False,True,False,False,False,False,False,False,False,0,True,cycle,1.0,0,15,15,15,neither,0,90.0,90.0,"[(1, 2), (1, 2), (1, 2), (1, 2), (1, 2), (1, 2), (1, 2), (1, 2), (1, 2), (1, 2), (1, 2), (1, 2), (1, 2), (1, 2), (1, 2)]","[(4, 5), (4, 5), (4, 5), (4, 5), (4, 5), (4, 5), (4, 5), (4, 5), (4, 5), (4, 5), (4, 5), (4, 5), (4, 5), (4, 5), (4, 5)]"
vertical_bottleneck,A,1.0,0.0,42,asymmetric,4,True,False,False,True,True,False,False,False,False,False,0,False,,,0,11,11,5,j_first,-6,-26.0,-56.0,"[(1, 2), (1, 2), (1, 2), (1, 2), (1, 2), (2, 2), (3, 2), (3, 3), (3, 4), (3, 5), (2, 5)]","[(4, 5), (3, 5), (3, 4), (3, 3), (3, 2), (4, 2), (4, 2), (4, 2), (4, 2), (4, 2), (4, 2)]"
vertical_bottleneck,A,1.0,0.5,42,asymmetric,4,False,False,True,False,False,False,False,False,False,False,0,True,cycle,1.0,0,15,15,15,neither,0,90.0,90.0,"[(1, 2), (1, 2), (1, 2), (1, 2), (1, 2), (1, 2), (1, 2), (1, 2), (1, 2), (1, 2), (1, 2), (1, 2), (1, 2), (1, 2), (1, 2)]","[(4, 5), (4, 5), (4, 5), (4, 5), (4, 5), (4, 5), (4, 5), (4, 5), (4, 5), (4, 5), (4, 5), (4, 5), (4, 5), (4, 5), (4, 5)]"
vertical_bottleneck,B,0.0,0.0,42,symmetric,4,False,False,True,False,False,False,False,False,True,False,1,False,,,0,3,3,3,neither,0,-16.0,14.0,"[(4, 5), (3, 5), (3, 4)]","[(1, 2), (2, 2), (3, 2)]"
vertical_bottleneck,B,0.5,0.5,42,symmetric,4,False,False,True,False,False,False,False,False,False,False,0,True,cycle,1.0,0,15,15,15,neither,0,90.0,90.0,"[(4, 5), (4, 5), (4, 5), (4, 5), (4, 5), (4, 5), (4, 5), (4, 5), (4, 5), (4, 5), (4, 5), (4, 5), (4, 5), (4, 5), (4, 5)]","[(1, 2), (1, 2), (1, 2), (1, 2), (1, 2), (1, 2), (1, 2), (1, 2), (1, 2), (1, 2), (1, 2), (1, 2), (1, 2), (1, 2), (1, 2)]"
vertical_bottleneck,B,1.0,1.0,42,symmetric,4,False,False,True,False,False,False,False,False,False,False,0,True,cycle,1.0,0,15,15,15,neither,0,90.0,90.0,"[(4, 5), (4, 5), (4, 5), (4, 5), (4, 5), (4, 5), (4, 5), (4, 5), (4, 5), (4, 5), (4, 5), (4, 5), (4, 5), (4, 5), (4, 5)]","[(1, 2), (1, 2), (1, 2), (1, 2), (1, 2), (1, 2), (1, 2), (1, 2), (1, 2), (1, 2), (1, 2), (1, 2), (1, 2), (1, 2), (1, 2)]"
vertical_bottleneck,B,0.0,0.5,42,asymmetric,4,True,False,False,True,True,False,False,False,False,False,0,False,,,0,11,5,11,i_first,6,-56.0,-26.0,"[(4, 5), (3, 5), (3, 4), (3, 3), (3, 2), (4, 2), (4, 2), (4, 2), (4, 2), (4, 2), (4, 2)]","[(1, 2), (1, 2), (1, 2), (1, 2), (1, 2), (2, 2), (3, 2), (3, 3), (3, 4), (3, 5), (2, 5)]"
vertical_bottleneck,B,0.0,1.0,42,asymmetric,4,True,False,False,True,True,False,False,False,False,False,0,False,,,0,11,5,11,i_first,6,-56.0,-26.0,"[(4, 5), (3, 5), (3, 4), (3, 3), (3, 2), (4, 2), (4, 2), (4, 2), (4, 2), (4, 2), (4, 2)]","[(1, 2), (1, 2), (1, 2), (1, 2), (1, 2), (2, 2), (3, 2), (3, 3), (3, 4), (3, 5), (2, 5)]"
vertical_bottleneck,B,0.5,0.0,42,asymmetric,4,True,False,False,True,True,False,False,False,False,False,0,False,,,0,11,11,7,j_first,-4,-22.0,-50.0,"[(4, 5), (4, 5), (4, 5), (4, 5), (4, 5), (4, 5), (4, 5), (3, 5), (3, 4), (3, 3), (3, 2)]","[(1, 2), (2, 2), (3, 2), (3, 3), (3, 4), (3, 5), (2, 5), (1, 5), (1, 5), (1, 5), (1, 5)]"
vertical_bottleneck,B,0.5,1.0,42,asymmetric,4,False,False,True,False,False,False,False,False,False,False,0,True,cycle,1.0,0,15,15,15,neither,0,90.0,90.0,"[(4, 5), (4, 5), (4, 5), (4, 5), (4, 5), (4, 5), (4, 5), (4, 5), (4, 5), (4, 5), (4, 5), (4, 5), (4, 5), (4, 5), (4, 5)]","[(1, 2), (1, 2), (1, 2), (1, 2), (1, 2), (1, 2), (1, 2), (1, 2), (1, 2), (1, 2), (1, 2), (1, 2), (1, 2), (1, 2), (1, 2)]"
vertical_bottleneck,B,1.0,0.0,42,asymmetric,4,True,False,False,True,True,False,False,False,False,False,0,False,,,0,11,11,7,j_first,-4,-22.0,-50.0,"[(4, 5), (4, 5), (4, 5), (4, 5), (4, 5), (4, 5), (4, 5), (3, 5), (3, 4), (3, 3), (3, 2)]","[(1, 2), (2, 2), (3, 2), (3, 3), (3, 4), (3, 5), (2, 5), (1, 5), (1, 5), (1, 5), (1, 5)]"
vertical_bottleneck,B,1.0,0.5,42,asymmetric,4,False,False,True,False,False,False,False,False,False,False,0,True,cycle,1.0,0,15,15,15,neither,0,90.0,90.0,"[(4, 5), (4, 5), (4, 5), (4, 5), (4, 5), (4, 5), (4, 5), (4, 5), (4, 5), (4, 5), (4, 5), (4, 5), (4, 5), (4, 5), (4, 5)]","[(1, 2), (1, 2), (1, 2), (1, 2), (1, 2), (1, 2), (1, 2), (1, 2), (1, 2), (1, 2), (1, 2), (1, 2), (1, 2), (1, 2), (1, 2)]"
